Unnamed: 0,Instrument,CF_DATE,EXPIR_DATE,PUTCALLIND,STRIKE_PRC,CF_CLOSE_x,IMP_VOLT,CF_CLOSE_y,DELTA,VEGA,THETA,GAMMA,DELTA_HEDGE,VEGA_HEDGE,THETA_HEDGE,GAMMA_HEDGE,Price_Change,Price_Change_Abs
371,/GDAX175000F0.EX,2019-05-14,2020-06-19,CALL,17500.0,0.1,47.07,11991.62,,,0.0,,,,,,,
374,/GDAX180000R0.EX,2019-07-18,2020-06-19,PUT ,18000.0,7689.0,65.37,12227.85,0.0,0.0,0.0,0.0,0.0,0.0,0.0,0.0,236.22999999999956,236.22999999999956
332,/GDAX142500R0.EX,2019-11-20,2020-06-19,PUT ,14250.0,3936.3,37.81,13158.14,0.0794575209232388,1.81492506139682e-06,-55.34543913854395,2.814464450070556e-07,73.91853713967976,0.0016884066353668,-51487.308576196,0.0002618268133256,930.289999999999,930.289999999999
358,/GDAX149000R0.EX,2020-01-15,2020-06-19,PUT ,14900.0,4586.7,42.77,13432.3,0.0072408263262064,0.0,0.0,3.5990948498079986e-07,1.985144945592765,0.0,0.0,9.867278440233605e-05,274.15999999999985,274.15999999999985
348,/GDAX146500R0.EX,2020-01-20,2020-06-19,PUT ,14650.0,4336.5,40.93,13548.94,0.060615129885599,0.0007125346907045,-55.430443254107786,-1.2708518836419068e-06,7.070148749856344,0.0831100463237817,-6465.406901159201,-0.0001482321637079,116.64000000000124,116.64000000000124
367,/GDAX165000F0.EX,2020-02-12,2020-06-19,CALL,16500.0,0.1,42.11,13749.78,0.0,0.0,0.0,0.0,0.0,0.0,0.0,0.0,200.84000000000015,200.84000000000015
308,/GDAX136500R0.EX,2020-02-13,2020-06-19,PUT ,13650.0,3336.0,33.34,13745.43,0.4752167872463182,0.1751758433907044,-305.8294608236906,3.010590469543911e-06,-2.067193024521657,-0.7620149187496281,1330.3581545831655,-1.3096068542517109e-05,-4.350000000000364,4.350000000000364
338,/GDAX144000R0.EX,2020-02-14,2020-06-19,PUT ,14400.0,4086.4,39.05,13744.21,0.0901318585784514,1.172674772577711,-125.69877992681177,-5.7592462462335635e-08,-0.1099608674658156,-1.4306632225461724,153.3525115108567,7.026280420411652e-08,-1.2200000000011642,1.2200000000011642
342,/GDAX145000R0.EX,2020-02-21,2020-06-19,PUT ,14500.0,4186.4,39.72,13579.33,0.0641141077757091,0.0002762575395163,-77.42324620886461,-4.849494231045293e-07,-10.571134090058877,-0.0455493431154536,12765.544834917537,7.99584608814744e-05,-164.8799999999992,164.8799999999992
13,/GDAX44000F0.EX,2020-02-26,2020-06-19,CALL,4400.0,5922.7,107.54,12774.88,1.0000000033711134,-1.4884907643370797e-07,3.8627287654555857,-1.1270031867953862e-14,-804.4500027118929,0.000119741639537,-3107.3721553707487,9.066177136175491e-12,-804.4500000000007,804.4500000000007
373,/GDAX180000F0.EX,2020-02-27,2020-06-19,CALL,18000.0,0.1,49.42,12367.46,0.0,0.0,0.0,0.0,-0.0,-0.0,-0.0,-0.0,-407.4200000000001,407.4200000000001
366,/GDAX160000R0.EX,2020-02-28,2020-06-19,PUT ,16000.0,5687.5,51.09,11890.35,0.0,0.0,0.0,0.0,-0.0,-0.0,-0.0,-0.0,-477.10999999999876,477.10999999999876
377,/GDAX190000F0.EX,2020-02-28,2020-06-19,CALL,19000.0,0.1,53.91,11890.35,0.0,0.0,0.0,0.0,0.0,0.0,0.0,0.0,0.0,0.0
375,/GDAX185000F0.EX,2020-02-28,2020-06-19,CALL,18500.0,0.1,51.7,11890.35,0.0,0.0,0.0,0.0,0.0,0.0,0.0,0.0,0.0,0.0
369,/GDAX170000F0.EX,2020-03-02,2020-06-19,CALL,17000.0,0.1,44.63,11857.87,0.0,0.0,0.0,0.0,-0.0,-0.0,-0.0,-0.0,-32.47999999999956,32.47999999999956
326,/GDAX141000R0.EX,2020-03-04,2020-06-19,PUT ,14100.0,3786.2,36.56,12127.69,0.0,0.0,0.0,0.0,0.0,0.0,0.0,0.0,269.8199999999997,269.8199999999997
334,/GDAX143000R0.EX,2020-03-05,2020-06-19,PUT ,14300.0,3986.3,38.15,11944.72,0.0,0.0,0.0,0.0,-0.0,-0.0,-0.0,-0.0,-182.97000000000116,182.97000000000116
319,/GDAX139500F0.EX,2020-03-06,2020-06-19,CALL,13950.0,0.4,31.38,11541.87,0.0,0.0,0.0,0.0,-0.0,-0.0,-0.0,-0.0,-402.84999999999854,402.84999999999854
316,/GDAX138500R0.EX,2020-03-09,2020-06-19,PUT ,13850.0,3536.1,34.8,10625.02,0.0,0.0,0.0,0.0,-0.0,-0.0,-0.0,-0.0,-916.8500000000004,916.8500000000004
320,/GDAX139500R0.EX,2020-03-09,2020-06-19,PUT ,13950.0,3636.1,35.52,10625.02,0.0,0.0,0.0,0.0,0.0,0.0,0.0,0.0,0.0,0.0
5,/GDAX40000F0.EX,2020-03-09,2020-06-19,CALL,4000.0,6322.5,118.17,10625.02,0.9999999835599738,5.848614819115028e-05,3.620396259320046,0.0,0.0,0.0,0.0,0.0,0.0,0.0
252,/GDAX122500R0.EX,2020-03-11,2020-06-19,PUT ,12250.0,1938.1,24.4,10438.68,0.0,0.0,0.0,0.0,-0.0,-0.0,-0.0,-0.0,-186.34000000000015,186.34000000000015
260,/GDAX124500R0.EX,2020-03-11,2020-06-19,PUT ,12450.0,2137.0,25.37,10438.68,0.0,0.0,0.0,0.0,0.0,0.0,0.0,0.0,0.0,0.0
295,/GDAX133500F0.EX,2020-03-12,2020-06-19,CALL,13350.0,0.7,28.88,9161.13,0.0,0.0,0.0,0.0,-0.0,-0.0,-0.0,-0.0,-1277.550000000001,1277.550000000001
248,/GDAX121500R0.EX,2020-03-12,2020-06-19,PUT ,12150.0,1839.0,24.0,9161.13,0.0,0.0,0.0,0.0,0.0,0.0,0.0,0.0,0.0,0.0
343,/GDAX145500F0.EX,2020-03-12,2020-06-19,CALL,14550.0,0.2,34.0,9161.13,0.0,0.0,0.0,0.0,0.0,0.0,0.0,0.0,0.0,0.0
346,/GDAX146000R0.EX,2020-03-12,2020-06-19,PUT ,14600.0,4286.5,40.6,9161.13,0.0,0.0,0.0,0.0,0.0,0.0,0.0,0.0,0.0,0.0
323,/GDAX140500F0.EX,2020-03-13,2020-06-19,CALL,14050.0,0.3,32.08,9232.08,0.0,0.0,0.0,0.0,0.0,0.0,0.0,0.0,70.95000000000073,70.95000000000073
339,/GDAX144500F0.EX,2020-03-13,2020-06-19,CALL,14450.0,0.3,33.36,9232.08,0.0,0.0,0.0,0.0,0.0,0.0,0.0,0.0,0.0,0.0
65,/GDAX76000F0.EX,2020-03-16,2020-06-19,CALL,7600.0,2755.2,59.48,8742.25,0.9999984399522068,-1.6141616251303573e-06,7.011974243161717,-1.0623146851360624e-08,-489.8292358417893,0.0007906647888376,-3434.675343527904,5.203536022201974e-06,-489.8299999999999,489.8299999999999
15,/GDAX45000F0.EX,2020-03-16,2020-06-19,CALL,4500.0,5822.8,105.36,8742.25,1.0000000062518666,3.723857844306622e-05,4.151868514660691,-1.8189894035458565e-06,0.0,0.0,0.0,-0.0,0.0,0.0
3,/GDAX36000F0.EX,2020-03-17,2020-06-19,CALL,3600.0,6722.5,130.77,8939.1,1.0000000030344758,3.9032525613430585e-08,3.3308193794185854,-2.565755037952637e-13,196.85000059733693,7.683552667003823e-06,655.6717948385498,-5.050688792209775e-11,196.85000000000036,196.85000000000036
351,/GDAX147500F0.EX,2020-03-17,2020-06-19,CALL,14750.0,0.2,35.27,8939.1,0.0,0.0,0.0,0.0,0.0,0.0,0.0,0.0,0.0,0.0
327,/GDAX141500F0.EX,2020-03-17,2020-06-19,CALL,14150.0,0.3,32.15,8939.1,0.0,0.0,0.0,0.0,0.0,0.0,0.0,0.0,0.0,0.0
310,/GDAX137000R0.EX,2020-03-18,2020-06-19,PUT ,13700.0,3386.1,33.71,8441.71,0.0,0.0,0.0,0.0,-0.0,-0.0,-0.0,-0.0,-497.39000000000124,497.39000000000124
41,/GDAX64000F0.EX,2020-03-18,2020-06-19,CALL,6400.0,3931.1,72.32,8441.71,1.0000000527270458,-0.0002808099452522,5.938402777355691,3.637978807091713e-06,0.0,-0.0,0.0,0.0,0.0,0.0
93,/GDAX83000F0.EX,2020-03-19,2020-06-19,CALL,8300.0,2086.8,52.32,8610.43,0.9826781818244223,-5.555303632735489e-06,6.546474612070824,-7.620523105443289e-06,165.7974628374177,-0.0009372908289151,1104.5211965485971,-0.0012857346583504,168.72000000000116,168.72000000000116
59,/GDAX74000F0.EX,2020-03-19,2020-06-19,CALL,7400.0,2949.1,61.53,8610.43,1.0000000148465915,-0.0001430919382983,6.885997099604424,-2.2737367544323206e-06,0.0,-0.0,0.0,-0.0,0.0,0.0
29,/GDAX56000F0.EX,2020-03-19,2020-06-19,CALL,5600.0,4725.4,83.6,8610.43,1.0000000071158863,-0.0001018653620121,5.210973858747025,-4.547473508864641e-06,0.0,-0.0,0.0,-0.0,0.0,0.0
272,/GDAX127500R0.EX,2020-03-19,2020-06-19,PUT ,12750.0,2436.3,27.19,8610.43,0.0,0.0,0.0,0.0,0.0,0.0,0.0,0.0,0.0,0.0
365,/GDAX160000F0.EX,2020-03-20,2020-06-19,CALL,16000.0,0.1,39.5,8928.95,0.0,0.0,0.0,0.0,0.0,0.0,0.0,0.0,318.52000000000044,318.52000000000044
115,/GDAX88500F0.EX,2020-03-23,2020-06-19,CALL,8850.0,1582.0,46.87,8741.15,0.1872179947706802,0.0001020386510887,-176.06257241230105,8.116889391808356e-06,-35.15953941793396,-0.0191628586744627,33064.55109903033,-0.0015243518277816,-187.8000000000011,187.8000000000011
311,/GDAX137500F0.EX,2020-03-24,2020-06-19,CALL,13750.0,0.5,30.45,9700.57,0.0,0.0,0.0,0.0,0.0,0.0,0.0,0.0,959.4200000000001,959.4200000000001
306,/GDAX136000R0.EX,2020-03-24,2020-06-19,PUT ,13600.0,3286.0,32.97,9700.57,0.0,0.0,0.0,0.0,0.0,0.0,0.0,0.0,0.0,0.0
131,/GDAX92500F0.EX,2020-03-24,2020-06-19,CALL,9250.0,1231.7,43.07,9700.57,0.9997283296797832,-0.0199163828256132,8.473163154774284,1.8189894035458565e-06,0.0,-0.0,0.0,0.0,0.0,0.0
113,/GDAX88000F0.EX,2020-03-24,2020-06-19,CALL,8800.0,1626.9,47.35,9700.57,0.9999966002396832,-0.0004212522981106,8.306449809217611,1.8189894035458565e-06,0.0,-0.0,0.0,0.0,0.0,0.0
355,/GDAX148500F0.EX,2020-03-24,2020-06-19,CALL,14850.0,0.2,34.79,9700.57,0.0,0.0,0.0,0.0,0.0,0.0,0.0,0.0,0.0,0.0
359,/GDAX149500F0.EX,2020-03-27,2020-06-19,CALL,14950.0,0.2,35.4,9632.52,0.0,0.0,0.0,0.0,-0.0,-0.0,-0.0,-0.0,-68.04999999999927,68.04999999999927
95,/GDAX83500F0.EX,2020-03-27,2020-06-19,CALL,8350.0,2040.0,51.81,9632.52,0.9999999305364328,0.0003922480573237,7.956534364096569,6.366462912410498e-06,0.0,0.0,0.0,0.0,0.0,0.0
105,/GDAX86000F0.EX,2020-03-30,2020-06-19,CALL,8600.0,1808.6,49.29,9815.97,0.999999888879048,-1.6258988936588103e-05,8.270883786712147,-2.3739195509966943e-11,183.44997961486024,-0.002982711520417,1517.2936306723343,-4.3549554163034096e-09,183.4499999999989,183.4499999999989
312,/GDAX137500R0.EX,2020-04-01,2020-06-19,PUT ,13750.0,3436.1,34.08,9544.75,0.0,0.0,0.0,0.0,-0.0,-0.0,-0.0,-0.0,-271.21999999999935,271.21999999999935
147,/GDAX96500F0.EX,2020-04-02,2020-06-19,CALL,9650.0,903.3,39.27,9570.82,0.1228914690532133,0.0037088023801674,-216.97318099127392,2.0623358703234158e-05,3.203780598217236,0.0966884780509644,-5656.490828442448,0.0005376509613933,26.06999999999971,26.06999999999971
353,/GDAX148000F0.EX,2020-04-02,2020-06-19,CALL,14800.0,0.2,34.49,9570.82,0.0,0.0,0.0,0.0,0.0,0.0,0.0,0.0,0.0,0.0
163,/GDAX100500F0.EX,2020-04-03,2020-06-19,CALL,10050.0,607.2,35.45,9525.77,0.0534711515220218,0.0013862180300418,-77.75126207925405,-7.52617027333473e-08,-2.4088753760670443,-0.0624491222533833,3502.694356670338,3.3905397081372405e-06,-45.04999999999927,45.04999999999927
250,/GDAX122000R0.EX,2020-04-06,2020-06-19,PUT ,12200.0,1888.5,24.19,10075.17,0.0,0.0,0.0,0.0,0.0,0.0,0.0,0.0,549.3999999999996,549.3999999999996
119,/GDAX89500F0.EX,2020-04-06,2020-06-19,CALL,8950.0,1492.9,45.91,10075.17,1.0000002376727934,-0.0001818435521272,8.80311552530361,-9.094947017729282e-07,0.0,-0.0,0.0,-0.0,0.0,0.0
14,/GDAX44000R0.EX,2020-04-07,2020-06-19,PUT ,4400.0,1.2,92.7,10356.7,0.9999999934344888,-1.4331752576628395e-06,4.341758354712283,2.861546425963028e-13,281.5299981516123,-0.0004034818302898,1222.335229602152,8.056111653013729e-11,281.53000000000065,281.53000000000065
27,/GDAX55000F0.EX,2020-04-08,2020-06-19,CALL,5500.0,4825.0,85.14,10332.89,1.0000000473609338,0.0001906874088577,5.4453169838300255,-1.1700907110263539e-10,-23.810001127665146,-0.0045402672049021,-129.65299738500005,2.7859859829539014e-09,-23.81000000000131,23.81000000000131
49,/GDAX68000F0.EX,2020-04-08,2020-06-19,CALL,6800.0,3536.3,67.59,10332.89,0.9992922038236428,-0.0013119491086399,6.730252753958325,7.087669473548885,0.0,-0.0,0.0,0.0,0.0,0.0
314,/GDAX138000R0.EX,2020-04-09,2020-06-19,PUT ,13800.0,3486.1,34.44,10564.74,0.0,0.0,0.0,0.0,0.0,0.0,0.0,0.0,231.85000000000036,231.85000000000036
143,/GDAX95500F0.EX,2020-04-14,2020-06-19,CALL,9550.0,982.9,40.22,10696.56,0.9999995482336832,0.0003193786602003,9.648565575530029,-5.263939509997038e-11,131.81994044816383,0.0421004949876078,1271.8739141663657,-6.9389250620780804e-09,131.8199999999997,131.8199999999997
73,/GDAX78000F0.EX,2020-04-14,2020-06-19,CALL,7800.0,2562.2,57.39,10696.56,0.9999999765568646,-1.5731666280771606e-05,7.88068083608357,1.0459189070388676e-05,0.0,-0.0,0.0,0.0,0.0,0.0
303,/GDAX135500F0.EX,2020-04-15,2020-06-19,CALL,13550.0,0.6,29.78,10279.76,0.0,0.0,0.0,0.0,-0.0,-0.0,-0.0,-0.0,-416.7999999999993,416.7999999999993
135,/GDAX93500F0.EX,2020-04-15,2020-06-19,CALL,9350.0,1147.1,42.14,10279.76,0.9999975715800248,-0.0001323037395195,9.479988122979876,-5.4569682106375694e-06,0.0,-0.0,0.0,-0.0,0.0,0.0
349,/GDAX147000F0.EX,2020-04-16,2020-06-19,CALL,14700.0,0.2,34.96,10301.54,0.0,0.0,0.0,0.0,0.0,0.0,0.0,0.0,21.780000000000655,21.780000000000655
256,/GDAX123500R0.EX,2020-04-16,2020-06-19,PUT ,12350.0,2037.4,24.86,10301.54,0.0,0.0,0.0,0.0,0.0,0.0,0.0,0.0,0.0,0.0
345,/GDAX146000F0.EX,2020-04-16,2020-06-19,CALL,14600.0,0.2,34.32,10301.54,0.0,0.0,0.0,0.0,0.0,0.0,0.0,0.0,0.0,0.0
363,/GDAX155000F0.EX,2020-04-17,2020-06-19,CALL,15500.0,0.2,38.64,10625.78,0.0,0.0,0.0,0.0,0.0,0.0,0.0,0.0,324.2399999999998,324.2399999999998
300,/GDAX134500R0.EX,2020-04-17,2020-06-19,PUT ,13450.0,3136.0,31.84,10625.78,0.0,0.0,0.0,0.0,0.0,0.0,0.0,0.0,0.0,0.0
123,/GDAX90500F0.EX,2020-04-17,2020-06-19,CALL,9050.0,1404.7,44.95,10625.78,1.0000000005675247,-1.1693373380694538e-06,9.240268311824591,-4.547473508864641e-06,0.0,-0.0,0.0,-0.0,0.0,0.0
357,/GDAX149000F0.EX,2020-04-20,2020-06-19,CALL,14900.0,0.2,35.09,10675.9,0.0,0.0,0.0,0.0,0.0,0.0,0.0,0.0,50.11999999999898,50.11999999999898
362,/GDAX150000R0.EX,2020-04-20,2020-06-19,PUT ,15000.0,4686.8,43.64,10675.9,0.0,0.0,0.0,0.0,0.0,0.0,0.0,0.0,0.0,0.0
276,/GDAX128500R0.EX,2020-04-21,2020-06-19,PUT ,12850.0,2536.2,27.83,10249.85,0.0,0.0,0.0,0.0,-0.0,-0.0,-0.0,-0.0,-426.0499999999993,426.0499999999993
294,/GDAX133000R0.EX,2020-04-21,2020-06-19,PUT ,13300.0,2986.0,30.85,10249.85,0.0,0.0,0.0,0.0,0.0,0.0,0.0,0.0,0.0,0.0
291,/GDAX132500F0.EX,2020-04-21,2020-06-19,CALL,13250.0,0.8,28.61,10249.85,0.0,0.0,0.0,0.0,0.0,0.0,0.0,0.0,0.0,0.0
85,/GDAX81000F0.EX,2020-04-22,2020-06-19,CALL,8100.0,2275.4,54.33,10415.03,1.000000013825429,-3.944206267835558e-06,8.42103445420355,-1.2428307073444802e-12,165.18000228368464,-0.000651503991321,1390.986471145345,-2.0529077623916157e-10,165.1800000000003,165.1800000000003
89,/GDAX82000F0.EX,2020-04-22,2020-06-19,CALL,8200.0,2180.8,53.31,10415.03,1.0000002632295946,-0.0013743765521212,8.523809562777842,2.7284841053187847e-06,0.0,-0.0,0.0,0.0,0.0,0.0
361,/GDAX150000F0.EX,2020-04-23,2020-06-19,CALL,15000.0,0.2,35.7,10513.79,0.0,0.0,0.0,0.0,0.0,0.0,0.0,0.0,98.76000000000022,98.76000000000022
322,/GDAX140000R0.EX,2020-04-24,2020-06-19,PUT ,14000.0,3686.2,35.87,10336.09,0.0,0.0,0.0,0.0,-0.0,-0.0,-0.0,-0.0,-177.70000000000073,177.70000000000073
341,/GDAX145000F0.EX,2020-04-24,2020-06-19,CALL,14500.0,0.3,33.68,10336.09,0.0,0.0,0.0,0.0,0.0,0.0,0.0,0.0,0.0,0.0
347,/GDAX146500F0.EX,2020-04-24,2020-06-19,CALL,14650.0,0.2,34.64,10336.09,0.0,0.0,0.0,0.0,0.0,0.0,0.0,0.0,0.0,0.0
8,/GDAX41000R0.EX,2020-04-27,2020-06-19,PUT ,4100.0,0.8,95.43,10659.99,1.0000000093496055,1.1074173039848092e-05,4.342122196005676,-4.2506883565434305e-14,323.90000302833687,0.0035869246476067,1406.4133792862367,-1.3767979586844154e-11,323.89999999999964,323.89999999999964
6,/GDAX40000R0.EX,2020-04-27,2020-06-19,PUT ,4000.0,0.7,97.84,10659.99,1.0000000125728548,0.0002243680228275,4.2362869425132885,-3.637978807091713e-06,0.0,0.0,0.0,-0.0,0.0,0.0
12,/GDAX43000R0.EX,2020-04-27,2020-06-19,PUT ,4300.0,1.0,93.82,10659.99,0.9999994450936356,0.0002959468929475,4.553059226626601,-1.8189894035458565e-06,0.0,0.0,0.0,-0.0,0.0,0.0
10,/GDAX42000R0.EX,2020-04-27,2020-06-19,PUT ,4200.0,0.9,94.76,10659.99,0.9999999596402632,0.0001018692728393,4.44768040108454,-1.3642420526593924e-06,0.0,0.0,0.0,-0.0,0.0,0.0
224,/GDAX115500R0.EX,2020-04-27,2020-06-19,PUT ,11550.0,1259.8,23.57,10659.99,0.0,0.0,0.0,0.0,0.0,0.0,0.0,0.0,0.0,0.0
315,/GDAX138500F0.EX,2020-04-27,2020-06-19,CALL,13850.0,0.4,31.18,10659.99,0.0,0.0,0.0,0.0,0.0,0.0,0.0,0.0,0.0,0.0
287,/GDAX131500F0.EX,2020-04-28,2020-06-19,CALL,13150.0,0.9,28.04,10795.63,0.0,0.0,0.0,0.0,0.0,0.0,0.0,0.0,135.63999999999942,135.63999999999942
274,/GDAX128000R0.EX,2020-04-29,2020-06-19,PUT ,12800.0,2486.3,27.51,11107.74,0.0,0.0,0.0,0.0,0.0,0.0,0.0,0.0,312.1100000000006,312.1100000000006
208,/GDAX111500R0.EX,2020-04-29,2020-06-19,PUT ,11150.0,918.0,25.78,11107.74,0.1360358681267826,23.18697294003869,-297.4568474955504,4.18367562815547e-05,0.0,0.0,-0.0,0.0,0.0,0.0
2,/GDAX20000R0.EX,2020-04-30,2020-06-19,PUT ,2000.0,0.1,150.5,10861.64,1.000000001033705,1.6575578006986963e-06,2.1424359486657067,-6.59823245760878e-14,-246.10000025439516,-0.0004079249747519,-527.2534869666312,1.6238250078175232e-11,-246.10000000000036,246.10000000000036
335,/GDAX143500F0.EX,2020-04-30,2020-06-19,CALL,14350.0,0.3,32.71,10861.64,0.0,0.0,0.0,0.0,0.0,0.0,0.0,0.0,0.0,0.0
232,/GDAX117500R0.EX,2020-04-30,2020-06-19,PUT ,11750.0,1448.3,23.35,10861.64,0.0,0.0,0.0,0.0,0.0,0.0,0.0,0.0,0.0,0.0
109,/GDAX87000F0.EX,2020-04-30,2020-06-19,CALL,8700.0,1717.3,48.32,10861.64,1.000000002386514,-7.670405466342345e-06,9.319868431568466,-2.7284841053187847e-06,0.0,-0.0,0.0,-0.0,0.0,0.0
228,/GDAX116500R0.EX,2020-04-30,2020-06-19,PUT ,11650.0,1353.2,23.41,10861.64,0.0,0.0,0.0,0.0,0.0,0.0,0.0,0.0,0.0,0.0
55,/GDAX72000F0.EX,2020-04-30,2020-06-19,CALL,7200.0,3144.1,63.46,10861.64,1.00000025886402,-0.0008630782303953,7.712897631771966,-3.1377567211166024e-05,0.0,-0.0,0.0,-0.0,0.0,0.0
230,/GDAX117000R0.EX,2020-04-30,2020-06-19,PUT ,11700.0,1400.5,23.35,10861.64,0.0,0.0,0.0,0.0,0.0,0.0,0.0,0.0,0.0,0.0
288,/GDAX131500R0.EX,2020-04-30,2020-06-19,PUT ,13150.0,2836.0,29.8,10861.64,0.0,0.0,0.0,0.0,0.0,0.0,0.0,0.0,0.0,0.0
88,/GDAX81500R0.EX,2020-05-04,2020-06-19,PUT ,8150.0,59.4,53.52,10466.8,0.9999999937272428,2.7428277862483585e-06,8.868217761032042,-5.210534807261e-14,-394.8399975232646,-0.0010829781231223,-3501.527100765893,2.057327563298934e-11,-394.84000000000015,394.84000000000015
25,/GDAX52000F0.EX,2020-05-04,2020-06-19,CALL,5200.0,5124.0,90.57,10466.8,0.9999999315823516,-0.0005866014817001,5.658002630748683,-8.185452315956354e-06,0.0,-0.0,0.0,-0.0,0.0,0.0
40,/GDAX63000R0.EX,2020-05-04,2020-06-19,PUT ,6300.0,10.0,71.09,10466.8,1.000001146167051,6.448317435570061e-08,6.854727984138549,-1.091393642127514e-05,0.0,0.0,0.0,-0.0,0.0,0.0
364,/GDAX155000R0.EX,2020-05-04,2020-06-19,PUT ,15500.0,5187.1,47.43,10466.8,0.0,0.0,0.0,0.0,0.0,0.0,0.0,0.0,0.0,0.0
220,/GDAX114500R0.EX,2020-05-04,2020-06-19,PUT ,11450.0,1168.7,23.86,10466.8,0.0,0.0,0.0,0.0,0.0,0.0,0.0,0.0,0.0,0.0
38,/GDAX62000R0.EX,2020-05-04,2020-06-19,PUT ,6200.0,9.1,72.07,10466.8,0.9994759983783296,-0.0002812893399095,6.745274083856543,5.24285132996738,0.0,-0.0,0.0,0.0,0.0,0.0
101,/GDAX85000F0.EX,2020-05-04,2020-06-19,CALL,8500.0,1900.6,50.29,10466.8,0.9999999949286577,1.4896158972987903e-05,9.24890327397884,4.547473508864641e-06,0.0,0.0,0.0,0.0,0.0,0.0
292,/GDAX132500R0.EX,2020-05-05,2020-06-19,PUT ,13250.0,2936.0,30.45,10729.46,0.0,0.0,0.0,0.0,0.0,0.0,0.0,0.0,262.65999999999985,262.65999999999985
24,/GDAX49000R0.EX,2020-05-05,2020-06-19,PUT ,4900.0,2.2,86.42,10729.46,1.0000001063872332,0.0002631416009535,5.353210134087931,0.0,0.0,0.0,0.0,0.0,0.0,0.0
258,/GDAX124000R0.EX,2020-05-05,2020-06-19,PUT ,12400.0,2087.2,25.13,10729.46,0.0,0.0,0.0,0.0,0.0,0.0,0.0,0.0,0.0,0.0
240,/GDAX119500R0.EX,2020-05-05,2020-06-19,PUT ,11950.0,1642.1,23.5,10729.46,0.0,0.0,0.0,0.0,0.0,0.0,0.0,0.0,0.0,0.0
284,/GDAX130500R0.EX,2020-05-05,2020-06-19,PUT ,13050.0,2736.1,29.13,10729.46,0.0,0.0,0.0,0.0,0.0,0.0,0.0,0.0,0.0,0.0
278,/GDAX129000R0.EX,2020-05-05,2020-06-19,PUT ,12900.0,2586.2,28.14,10729.46,0.0,0.0,0.0,0.0,0.0,0.0,0.0,0.0,0.0,0.0
296,/GDAX133500R0.EX,2020-05-06,2020-06-19,PUT ,13350.0,3036.0,31.24,10606.2,0.0,0.0,0.0,0.0,-0.0,-0.0,-0.0,-0.0,-123.2599999999984,123.2599999999984
236,/GDAX118500R0.EX,2020-05-06,2020-06-19,PUT ,11850.0,1544.7,23.36,10606.2,0.0,0.0,0.0,0.0,0.0,0.0,0.0,0.0,0.0,0.0
304,/GDAX135500R0.EX,2020-05-06,2020-06-19,PUT ,13550.0,3236.0,32.6,10606.2,0.0,0.0,0.0,0.0,0.0,0.0,0.0,0.0,0.0,0.0
120,/GDAX89500R0.EX,2020-05-06,2020-06-19,PUT ,8950.0,124.9,45.79,10606.2,0.9999999731917342,0.0001848767169576,9.81645295039857,-9.094947017729282e-07,0.0,0.0,0.0,-0.0,0.0,0.0
299,/GDAX134500F0.EX,2020-05-06,2020-06-19,CALL,13450.0,0.6,29.35,10606.2,0.0,0.0,0.0,0.0,0.0,0.0,0.0,0.0,0.0,0.0
46,/GDAX66000R0.EX,2020-05-06,2020-06-19,PUT ,6600.0,13.6,68.11,10606.2,0.9999999516367096,0.0005780989795312,7.238742231289848,3.637978807091713e-06,0.0,0.0,0.0,0.0,0.0,0.0
280,/GDAX129500R0.EX,2020-05-06,2020-06-19,PUT ,12950.0,2636.1,28.43,10606.2,0.0,0.0,0.0,0.0,0.0,0.0,0.0,0.0,0.0,0.0
270,/GDAX127000R0.EX,2020-05-06,2020-06-19,PUT ,12700.0,2386.4,26.85,10606.2,0.0,0.0,0.0,0.0,0.0,0.0,0.0,0.0,0.0,0.0
204,/GDAX110500R0.EX,2020-05-08,2020-06-19,PUT ,11050.0,843.0,26.53,10904.48,0.2278259012032184,2.2770549727335946e-05,-227.55376205901075,3.1396172675207216e-06,67.95590981089572,0.0067919995726697,-67874.73614696146,0.000936485038556,298.27999999999884,298.27999999999884
331,/GDAX142500F0.EX,2020-05-08,2020-06-19,CALL,14250.0,0.3,32.82,10904.48,0.0,0.0,0.0,0.0,0.0,0.0,0.0,0.0,0.0,0.0
337,/GDAX144000F0.EX,2020-05-11,2020-06-19,CALL,14400.0,0.3,33.03,10824.99,0.0,0.0,0.0,0.0,-0.0,-0.0,-0.0,-0.0,-79.48999999999978,79.48999999999978
329,/GDAX142000F0.EX,2020-05-11,2020-06-19,CALL,14200.0,0.3,32.49,10824.99,0.0,0.0,0.0,0.0,0.0,0.0,0.0,0.0,0.0,0.0
325,/GDAX141000F0.EX,2020-05-11,2020-06-19,CALL,14100.0,0.3,31.81,10824.99,0.0,0.0,0.0,0.0,0.0,0.0,0.0,0.0,0.0,0.0
293,/GDAX133000F0.EX,2020-05-11,2020-06-19,CALL,13300.0,0.7,28.76,10824.99,0.0,0.0,0.0,0.0,0.0,0.0,0.0,0.0,0.0,0.0
309,/GDAX137000F0.EX,2020-05-11,2020-06-19,CALL,13700.0,0.5,30.52,10824.99,0.0,0.0,0.0,0.0,0.0,0.0,0.0,0.0,0.0,0.0
20,/GDAX47000R0.EX,2020-05-11,2020-06-19,PUT ,4700.0,1.7,88.72,10824.99,0.999999490522896,-6.861696419946384e-05,5.260728022757462,5.4569682106375694e-06,0.0,-0.0,0.0,0.0,0.0,0.0
255,/GDAX123500F0.EX,2020-05-11,2020-06-19,CALL,12350.0,2.9,24.38,10824.99,0.0,0.0,0.0,0.0,0.0,0.0,0.0,0.0,0.0,0.0
97,/GDAX84000F0.EX,2020-05-11,2020-06-19,CALL,8400.0,1993.4,51.3,10824.99,0.999999655323336,0.0004482350050238,9.403578804454128,-1.8189894035458565e-06,0.0,0.0,0.0,-0.0,0.0,0.0
271,/GDAX127500F0.EX,2020-05-11,2020-06-19,CALL,12750.0,1.5,26.19,10824.99,0.0,0.0,0.0,0.0,0.0,0.0,0.0,0.0,0.0,0.0
275,/GDAX128500F0.EX,2020-05-11,2020-06-19,CALL,12850.0,1.3,26.63,10824.99,0.0,0.0,0.0,0.0,0.0,0.0,0.0,0.0,0.0,0.0
279,/GDAX129500F0.EX,2020-05-11,2020-06-19,CALL,12950.0,1.1,27.16,10824.99,0.0,0.0,0.0,0.0,0.0,0.0,0.0,0.0,0.0,0.0
283,/GDAX130500F0.EX,2020-05-11,2020-06-19,CALL,13050.0,1.0,27.63,10824.99,0.0,0.0,0.0,0.0,0.0,0.0,0.0,0.0,0.0,0.0
277,/GDAX129000F0.EX,2020-05-11,2020-06-19,CALL,12900.0,1.2,26.9,10824.99,0.0,0.0,0.0,0.0,0.0,0.0,0.0,0.0,0.0,0.0
289,/GDAX132000F0.EX,2020-05-11,2020-06-19,CALL,13200.0,0.8,28.21,10824.99,0.0,0.0,0.0,0.0,0.0,0.0,0.0,0.0,0.0,0.0
307,/GDAX136500F0.EX,2020-05-11,2020-06-19,CALL,13650.0,0.5,30.15,10824.99,0.0,0.0,0.0,0.0,0.0,0.0,0.0,0.0,0.0,0.0
48,/GDAX67000R0.EX,2020-05-11,2020-06-19,PUT ,6700.0,15.0,67.11,10824.99,0.999999924988515,0.0002296069396834,7.499533776923727,6.366462912410498e-06,0.0,0.0,0.0,0.0,0.0,0.0
301,/GDAX135000F0.EX,2020-05-11,2020-06-19,CALL,13500.0,0.6,29.4,10824.99,0.0,0.0,0.0,0.0,0.0,0.0,0.0,0.0,0.0,0.0
285,/GDAX131000F0.EX,2020-05-11,2020-06-19,CALL,13100.0,0.9,27.84,10824.99,0.0,0.0,0.0,0.0,0.0,0.0,0.0,0.0,0.0,0.0
200,/GDAX109500R0.EX,2020-05-12,2020-06-19,PUT ,10950.0,772.3,27.28,10819.5,0.0399312276155642,0.0298133685411231,-232.60952057126383,2.6653912533963507e-06,-0.2192224396094388,-0.1636753932907595,1277.0262679361877,-1.4632997981145384e-05,-5.489999999999782,5.489999999999782
18,/GDAX46000R0.EX,2020-05-12,2020-06-19,PUT ,4600.0,1.5,90.13,10819.5,0.9999993790188456,-0.0006011554887663,5.169454368218567,1.3642420526593924e-06,0.0,-0.0,0.0,0.0,0.0,0.0
263,/GDAX125500F0.EX,2020-05-12,2020-06-19,CALL,12550.0,2.0,25.2,10819.5,0.0,0.0,0.0,0.0,0.0,0.0,0.0,0.0,0.0,0.0
354,/GDAX148000R0.EX,2020-05-12,2020-06-19,PUT ,14800.0,4486.6,42.13,10819.5,0.0,0.0,0.0,0.0,0.0,0.0,0.0,0.0,0.0,0.0
265,/GDAX126000F0.EX,2020-05-12,2020-06-19,CALL,12600.0,1.9,25.45,10819.5,0.0,0.0,0.0,0.0,0.0,0.0,0.0,0.0,0.0,0.0
247,/GDAX121500F0.EX,2020-05-12,2020-06-19,CALL,12150.0,4.6,23.72,10819.5,0.0,0.0,0.0,0.0,0.0,0.0,0.0,0.0,0.0,0.0
267,/GDAX126500F0.EX,2020-05-12,2020-06-19,CALL,12650.0,1.7,25.67,10819.5,0.0,0.0,0.0,0.0,0.0,0.0,0.0,0.0,0.0,0.0
133,/GDAX93000F0.EX,2020-05-12,2020-06-19,CALL,9300.0,1189.3,42.6,10819.5,0.9999993737437762,0.0020546229279716,10.454240541976787,0.0,0.0,0.0,0.0,0.0,0.0,0.0
159,/GDAX99500F0.EX,2020-05-13,2020-06-19,CALL,9950.0,677.5,36.4,10542.66,0.999937948178238,-1.3149345911244888e-06,11.179086190425323,-2.806050796524616e-07,-276.82282157366353,0.0003640264922069,-3094.8182209573483,7.768271025098749e-05,-276.84000000000015,276.84000000000015
144,/GDAX95500R0.EX,2020-05-13,2020-06-19,PUT ,9550.0,215.3,40.16,10542.66,0.999998567840521,-0.000358789020538,10.779012913056704,9.094947017729282e-07,0.0,-0.0,0.0,0.0,0.0,0.0
125,/GDAX91000F0.EX,2020-05-13,2020-06-19,CALL,9100.0,1361.0,44.49,10542.66,0.9999990560572768,0.0002532141479605,10.267962509194376,9.094947017729282e-07,0.0,0.0,0.0,0.0,0.0,0.0
318,/GDAX139000R0.EX,2020-05-13,2020-06-19,PUT ,13900.0,3586.1,35.16,10542.66,0.0,0.0,0.0,0.0,0.0,0.0,0.0,0.0,0.0,0.0
298,/GDAX134000R0.EX,2020-05-13,2020-06-19,PUT ,13400.0,3086.0,31.46,10542.66,0.0,0.0,0.0,0.0,0.0,0.0,0.0,0.0,0.0,0.0
297,/GDAX134000F0.EX,2020-05-13,2020-06-19,CALL,13400.0,0.6,29.27,10542.66,0.0,0.0,0.0,0.0,0.0,0.0,0.0,0.0,0.0,0.0
246,/GDAX121000R0.EX,2020-05-13,2020-06-19,PUT ,12100.0,1789.6,23.88,10542.66,0.0,0.0,0.0,0.0,0.0,0.0,0.0,0.0,0.0,0.0
302,/GDAX135000R0.EX,2020-05-13,2020-06-19,PUT ,13500.0,3186.0,32.22,10542.66,0.0,0.0,0.0,0.0,0.0,0.0,0.0,0.0,0.0,0.0
249,/GDAX122000F0.EX,2020-05-14,2020-06-19,CALL,12200.0,4.0,23.83,10337.02,0.0,0.0,0.0,0.0,-0.0,-0.0,-0.0,-0.0,-205.63999999999942,205.63999999999942
218,/GDAX114000R0.EX,2020-05-14,2020-06-19,PUT ,11400.0,1124.3,24.1,10337.02,0.0,0.0,0.0,0.0,0.0,0.0,0.0,0.0,0.0,0.0
253,/GDAX123000F0.EX,2020-05-14,2020-06-19,CALL,12300.0,3.2,24.18,10337.02,0.0,0.0,0.0,0.0,0.0,0.0,0.0,0.0,0.0,0.0
155,/GDAX98500F0.EX,2020-05-14,2020-06-19,CALL,9850.0,750.4,37.36,10337.02,0.9999307911130018,-0.0007839586942282,11.051899764244808,-3.637978807091713e-06,0.0,-0.0,0.0,-0.0,0.0,0.0
96,/GDAX83500R0.EX,2020-05-14,2020-06-19,PUT ,8350.0,71.5,51.57,10337.02,1.000000214389729,1.2981126928934827e-05,9.46258870321958,2.7284841053187847e-06,0.0,0.0,0.0,0.0,0.0,0.0
22,/GDAX48000R0.EX,2020-05-14,2020-06-19,PUT ,4800.0,2.0,87.27,10337.02,1.0000002345805117,-0.0001144426278187,5.439930288452274,4.092726157978177e-06,0.0,-0.0,0.0,0.0,0.0,0.0
42,/GDAX64000R0.EX,2020-05-14,2020-06-19,PUT ,6400.0,11.1,70.15,10337.02,1.000000077419827,-0.0001750018782331,7.253767070308186,-4.547473508864641e-07,0.0,-0.0,0.0,-0.0,0.0,0.0
153,/GDAX98000F0.EX,2020-05-14,2020-06-19,CALL,9800.0,787.8,37.83,10337.02,0.9999543328376604,-0.0004064034328621,11.034826443012662,9.094947017729282e-07,0.0,-0.0,0.0,0.0,0.0,0.0
259,/GDAX124500F0.EX,2020-05-14,2020-06-19,CALL,12450.0,2.4,24.75,10337.02,0.0,0.0,0.0,0.0,0.0,0.0,0.0,0.0,0.0,0.0
26,/GDAX52000R0.EX,2020-05-14,2020-06-19,PUT ,5200.0,3.1,83.06,10337.02,0.9999998590501492,-6.365844456013292e-05,5.893847816204129,-1.091393642127514e-05,0.0,-0.0,0.0,-0.0,0.0,0.0
129,/GDAX92000F0.EX,2020-05-14,2020-06-19,CALL,9200.0,1274.5,43.55,10337.02,0.9999979019085004,0.0006027854396961,10.425970695577917,1.8189894035458565e-06,0.0,0.0,0.0,0.0,0.0,0.0
196,/GDAX108500R0.EX,2020-05-14,2020-06-19,PUT ,10850.0,706.4,28.05,10337.02,0.0278978418464248,-0.0062340106524061,-87.66641718088476,0.0,0.0,-0.0,-0.0,0.0,0.0,0.0
84,/GDAX80500R0.EX,2020-05-14,2020-06-19,PUT ,8050.0,54.2,54.5,10337.02,1.000000806971002,-0.0002043307631538,9.13044362808114,-5.9117155615240335e-06,0.0,-0.0,0.0,-0.0,0.0,0.0
149,/GDAX97000F0.EX,2020-05-14,2020-06-19,CALL,9700.0,864.3,38.77,10337.02,0.9999814776165294,-0.0013657201634487,10.965343151952766,-2.7284841053187847e-06,0.0,-0.0,0.0,-0.0,0.0,0.0
198,/GDAX109000R0.EX,2020-05-14,2020-06-19,PUT ,10900.0,738.7,27.65,10337.02,0.0,0.0,0.0,0.0,0.0,0.0,0.0,0.0,0.0,0.0
378,/GDAX190000R0.EX,2020-05-14,2020-06-19,PUT ,19000.0,8689.8,71.82,10337.02,0.0,0.0,0.0,0.0,0.0,0.0,0.0,0.0,0.0,0.0
86,/GDAX81000R0.EX,2020-05-14,2020-06-19,PUT ,8100.0,56.8,54.03,10337.02,0.9999991517361196,0.0001670229721639,9.18475529386228,-5.002220859751105e-06,0.0,0.0,0.0,-0.0,0.0,0.0
30,/GDAX56000R0.EX,2020-05-14,2020-06-19,PUT ,5600.0,4.8,78.51,10337.02,1.0000000313084456,-1.9770232029259205e-05,6.34798731311912,5.002220859751105e-06,0.0,-0.0,0.0,0.0,0.0,0.0
268,/GDAX126500R0.EX,2020-05-14,2020-06-19,PUT ,12650.0,2336.5,26.5,10337.02,0.0,0.0,0.0,0.0,0.0,0.0,0.0,0.0,0.0,0.0
145,/GDAX96000F0.EX,2020-05-14,2020-06-19,CALL,9600.0,942.9,39.74,10337.02,0.9999935172345432,-0.0004015004378743,10.869776483841632,9.094947017729282e-07,0.0,-0.0,0.0,0.0,0.0,0.0
140,/GDAX94500R0.EX,2020-05-14,2020-06-19,PUT ,9450.0,196.6,41.12,10337.02,0.9999986396906024,-0.0016922896975302,10.70613386537525,0.0,0.0,-0.0,0.0,0.0,0.0,0.0
206,/GDAX111000R0.EX,2020-05-14,2020-06-19,PUT ,11100.0,880.0,26.15,10337.02,0.0,0.0,0.0,0.0,0.0,0.0,0.0,0.0,0.0,0.0
28,/GDAX55000R0.EX,2020-05-14,2020-06-19,PUT ,5500.0,4.3,79.69,10337.02,0.9999998881994544,0.0002439384388708,6.470572250699092,-2.7284841053187847e-06,0.0,0.0,0.0,-0.0,0.0,0.0
269,/GDAX127000F0.EX,2020-05-14,2020-06-19,CALL,12700.0,1.6,25.87,10337.02,0.0,0.0,0.0,0.0,0.0,0.0,0.0,0.0,0.0,0.0
237,/GDAX119000F0.EX,2020-05-14,2020-06-19,CALL,11900.0,9.1,23.25,10337.02,0.0,0.0,0.0,0.0,0.0,0.0,0.0,0.0,0.0,0.0
168,/GDAX101500R0.EX,2020-05-14,2020-06-19,PUT ,10150.0,372.5,34.46,10337.02,0.99938558832946,-0.0368851375242229,10.356356585277354,5.4569682106375694e-06,0.0,-0.0,0.0,0.0,0.0,0.0
227,/GDAX116500F0.EX,2020-05-14,2020-06-19,CALL,11650.0,19.1,23.33,10337.02,0.0,0.0,0.0,0.0,0.0,0.0,0.0,0.0,0.0,0.0
234,/GDAX118000R0.EX,2020-05-14,2020-06-19,PUT ,11800.0,1496.3,23.35,10337.02,0.0,0.0,0.0,0.0,0.0,0.0,0.0,0.0,0.0,0.0
243,/GDAX120500F0.EX,2020-05-14,2020-06-19,CALL,12050.0,6.0,23.46,10337.02,0.0,0.0,0.0,0.0,0.0,0.0,0.0,0.0,0.0,0.0
317,/GDAX139000F0.EX,2020-05-14,2020-06-19,CALL,13900.0,0.4,31.03,10337.02,0.0,0.0,0.0,0.0,0.0,0.0,0.0,0.0,0.0,0.0
167,/GDAX101500F0.EX,2020-05-14,2020-06-19,CALL,10150.0,539.7,34.49,10337.02,0.99938558832946,-0.0368851375242229,10.356356585277354,5.4569682106375694e-06,0.0,-0.0,0.0,0.0,0.0,0.0
56,/GDAX72000R0.EX,2020-05-14,2020-06-19,PUT ,7200.0,24.7,62.59,10337.02,1.000002038290404,0.0005089597834739,8.15883258792826,2.2737367544323206e-06,0.0,0.0,0.0,0.0,0.0,0.0
60,/GDAX74000R0.EX,2020-05-14,2020-06-19,PUT ,7400.0,29.9,60.82,10337.02,0.9825238467328744,-0.0001759429778758,8.387774545149796,174.60295657656388,0.0,-0.0,0.0,0.0,0.0,0.0
175,/GDAX103500F0.EX,2020-05-14,2020-06-19,CALL,10350.0,414.5,32.57,10337.02,0.1909593979689816,17.326495737233927,-308.78005109436094,0.0001236912794411,0.0,0.0,-0.0,0.0,0.0,0.0
64,/GDAX75500R0.EX,2020-05-14,2020-06-19,PUT ,7550.0,34.4,59.39,10337.02,0.9999987099035934,0.0002567212959547,8.558712345303206,5.9117155615240335e-06,0.0,0.0,0.0,0.0,0.0,0.0
4,/GDAX36000R0.EX,2020-05-14,2020-06-19,PUT ,3600.0,0.4,102.66,10337.02,1.0000002291235432,-4.7375488065881655e-05,4.080130066054608,-4.547473508864641e-06,0.0,-0.0,0.0,-0.0,0.0,0.0
235,/GDAX118500F0.EX,2020-05-14,2020-06-19,CALL,11850.0,10.5,23.23,10337.02,0.0,0.0,0.0,0.0,0.0,0.0,0.0,0.0,0.0,0.0
68,/GDAX76500R0.EX,2020-05-14,2020-06-19,PUT ,7650.0,37.8,58.44,10337.02,0.9999977189181664,0.0006554356787091,8.671575896010381,8.185452315956354e-06,0.0,0.0,0.0,0.0,0.0,0.0
92,/GDAX82500R0.EX,2020-05-15,2020-06-19,PUT ,8250.0,65.1,52.55,10465.17,1.0000001039648183,-1.1986638304300188e-05,9.393968805860368,-1.2031135408169432e-11,128.15001332309112,-0.001536087698696,1203.8371024710027,-1.5417900025569082e-09,128.14999999999964,128.14999999999964
94,/GDAX83000R0.EX,2020-05-15,2020-06-19,PUT ,8300.0,68.2,52.07,10465.17,1.0000021537052817,0.0004769905899593,9.44801051139484,4.547473508864641e-06,0.0,0.0,0.0,0.0,0.0,0.0
107,/GDAX86500F0.EX,2020-05-15,2020-06-19,CALL,8650.0,1762.8,48.81,10465.17,0.9999984282330844,-0.0005610198968497,9.844668997818644,-3.637978807091713e-06,0.0,-0.0,0.0,-0.0,0.0,0.0
7,/GDAX41000F0.EX,2020-05-15,2020-06-19,CALL,4100.0,6222.5,115.42,10465.17,1.0000001416756277,0.0005432300440588,4.666296561660147,4.547473508864641e-07,0.0,0.0,0.0,0.0,0.0,0.0
91,/GDAX82500F0.EX,2020-05-15,2020-06-19,CALL,8250.0,2133.7,52.81,10465.17,1.0000023929023882,0.0004209491635265,9.393968805860368,9.094947017729282e-07,0.0,0.0,0.0,0.0,0.0,0.0
90,/GDAX82000R0.EX,2020-05-15,2020-06-19,PUT ,8200.0,62.2,53.05,10465.17,1.0000023032262106,9.83497557172086e-05,9.329512002909496,-3.637978807091713e-06,0.0,0.0,0.0,-0.0,0.0,0.0
100,/GDAX84500R0.EX,2020-05-15,2020-06-19,PUT ,8450.0,78.5,50.59,10465.17,1.0000012133787095,-0.0024150975150405,9.617019026472915,-9.094947017729282e-07,0.0,-0.0,0.0,-0.0,0.0,0.0
106,/GDAX86000R0.EX,2020-05-15,2020-06-19,PUT ,8600.0,90.3,49.13,10465.17,0.999998552197212,-0.0004548394826997,9.788658897967936,0.0,0.0,-0.0,0.0,0.0,0.0,0.0
21,/GDAX48000F0.EX,2020-05-15,2020-06-19,CALL,4800.0,5523.2,98.39,10465.17,1.0000002606830094,0.0001205949956784,5.463082712080677,-2.2737367544323206e-06,0.0,0.0,0.0,-0.0,0.0,0.0
9,/GDAX42000F0.EX,2020-05-15,2020-06-19,CALL,4200.0,6122.6,112.74,10465.17,1.000000360136255,-0.0001221962520503,4.7810413618452685,-1.8189894035458565e-06,0.0,-0.0,0.0,-0.0,0.0,0.0
11,/GDAX43000F0.EX,2020-05-15,2020-06-19,CALL,4300.0,6022.6,110.11,10465.17,1.0000002000651875,-6.84216502122581e-05,4.894858935463162,7.73070496506989e-06,0.0,-0.0,0.0,0.0,0.0,0.0
104,/GDAX85500R0.EX,2020-05-15,2020-06-19,PUT ,8550.0,86.1,49.62,10465.17,0.9999990551477822,-0.0003956389264203,9.732480386926907,9.094947017729282e-07,0.0,-0.0,0.0,0.0,0.0,0.0
16,/GDAX45000R0.EX,2020-05-15,2020-06-19,PUT ,4500.0,1.3,90.41,10465.17,0.99999976359868,3.827831278613303e-05,5.120576012789456,7.275957614183426e-06,0.0,0.0,0.0,0.0,0.0,0.0
103,/GDAX85500F0.EX,2020-05-15,2020-06-19,CALL,8550.0,1854.5,49.81,10465.17,0.9999990551477822,-0.0003956389264203,9.732480386926907,9.094947017729282e-07,0.0,-0.0,0.0,0.0,0.0,0.0
17,/GDAX46000F0.EX,2020-05-15,2020-06-19,CALL,4600.0,5722.9,102.89,10465.17,0.999999819759978,0.0001473507381888,5.23434022608933,9.094947017729282e-07,0.0,0.0,0.0,0.0,0.0,0.0
102,/GDAX85000R0.EX,2020-05-15,2020-06-19,PUT ,8500.0,82.2,50.1,10465.17,1.0000011891861504,-0.0003693109647429,9.67619306110555,-9.094947017729282e-07,0.0,-0.0,0.0,-0.0,0.0,0.0
98,/GDAX84000R0.EX,2020-05-15,2020-06-19,PUT ,8400.0,74.9,51.08,10465.17,1.0000009093346307,-3.054583430639468e-05,9.560179448159715,1.8189894035458565e-06,0.0,-0.0,0.0,0.0,0.0,0.0
23,/GDAX49000F0.EX,2020-05-15,2020-06-19,CALL,4900.0,5423.3,96.34,10465.17,0.9999995348607628,0.0002521669102861,5.577273969204384,9.549694368615746e-06,0.0,0.0,0.0,0.0,0.0,0.0
99,/GDAX84500F0.EX,2020-05-15,2020-06-19,CALL,8450.0,1946.9,50.81,10465.17,1.0000012133787095,-0.0024150975150405,9.617019026472915,-9.094947017729282e-07,0.0,-0.0,0.0,-0.0,0.0,0.0
19,/GDAX47000F0.EX,2020-05-15,2020-06-19,CALL,4700.0,5623.0,100.78,10465.17,1.0000002718697942,-6.172604116727598e-06,5.348991762774404,4.547473508864641e-07,0.0,-0.0,0.0,0.0,0.0,0.0
31,/GDAX58000F0.EX,2020-05-15,2020-06-19,CALL,5800.0,4526.4,80.47,10465.17,1.0000001424486982,-0.0002392301212239,6.601805905878564,-4.547473508864641e-06,0.0,-0.0,0.0,-0.0,0.0,0.0
66,/GDAX76000R0.EX,2020-05-15,2020-06-19,PUT ,7600.0,36.1,58.93,10465.17,1.0000022805797926,-0.0012894595784018,8.652639468017696,-7.73070496506989e-05,0.0,-0.0,0.0,-0.0,0.0,0.0
36,/GDAX61000R0.EX,2020-05-15,2020-06-19,PUT ,6100.0,8.2,73.1,10465.17,0.9999998840612534,0.0002433429472148,6.941690766246666,-2.2737367544323206e-06,0.0,0.0,0.0,-0.0,0.0,0.0
35,/GDAX61000F0.EX,2020-05-15,2020-06-19,CALL,6100.0,4228.4,76.23,10465.17,0.9999998840612534,0.0002433429472148,6.941690766246666,-2.2737367544323206e-06,0.0,0.0,0.0,-0.0,0.0,0.0
51,/GDAX69000F0.EX,2020-05-15,2020-06-19,CALL,6900.0,3438.0,66.49,10465.17,0.9999981643431964,-0.0001503513885836,7.855159451255076,10.015730367740616,0.0,-0.0,0.0,0.0,0.0,0.0
50,/GDAX68000R0.EX,2020-05-15,2020-06-19,PUT ,6800.0,16.6,66.2,10465.17,0.9999999734645826,-8.3261375039001e-05,7.73744197653923,8.185452315956354e-06,0.0,-0.0,0.0,0.0,0.0,0.0
53,/GDAX70000F0.EX,2020-05-15,2020-06-19,CALL,7000.0,3339.8,65.46,10465.17,1.0000001112075552,-0.000307644586428,7.969215683243306,5.002220859751105e-06,0.0,-0.0,0.0,0.0,0.0,0.0
72,/GDAX77500R0.EX,2020-05-15,2020-06-19,PUT ,7750.0,41.4,57.46,10465.17,0.999997249982698,0.0002064446107397,8.822977437179361,0.0,0.0,0.0,0.0,0.0,0.0,0.0
52,/GDAX69000R0.EX,2020-05-15,2020-06-19,PUT ,6900.0,18.4,65.28,10465.17,0.9999981643431964,-0.0001503513885836,7.855159451255076,10.015730367740616,0.0,-0.0,0.0,0.0,0.0,0.0
54,/GDAX70000R0.EX,2020-05-15,2020-06-19,PUT ,7000.0,20.3,64.4,10465.17,1.0000001112075552,-0.000307644586428,7.969215683243306,5.002220859751105e-06,0.0,-0.0,0.0,0.0,0.0,0.0
71,/GDAX77500F0.EX,2020-05-15,2020-06-19,CALL,7750.0,2610.3,57.93,10465.17,0.999997249982698,0.0002064446107397,8.822977437179361,0.0,0.0,0.0,0.0,0.0,0.0,0.0
57,/GDAX73000F0.EX,2020-05-15,2020-06-19,CALL,7300.0,3046.5,62.52,10465.17,1.0000001785556378,0.0005502713975147,8.311530172377616,7.73070496506989e-06,0.0,0.0,0.0,0.0,0.0,0.0
70,/GDAX77000R0.EX,2020-05-15,2020-06-19,PUT ,7700.0,39.5,57.96,10465.17,0.9999998660077836,0.0011410125807742,8.767120442230976,9.094947017729282e-07,0.0,0.0,0.0,0.0,0.0,0.0
372,/GDAX175000R0.EX,2020-05-15,2020-06-19,PUT ,17500.0,7188.6,61.89,10465.17,0.0,0.0,0.0,0.0,0.0,0.0,0.0,0.0,0.0,0.0
108,/GDAX86500R0.EX,2020-05-15,2020-06-19,PUT ,8650.0,94.6,48.65,10465.17,0.9999984282330844,-0.0005610198968497,9.844668997818644,-3.637978807091713e-06,0.0,-0.0,0.0,-0.0,0.0,0.0
58,/GDAX73000R0.EX,2020-05-15,2020-06-19,PUT ,7300.0,27.2,61.71,10465.17,1.0000001785556378,0.0005502713975147,8.311530172377616,7.73070496506989e-06,0.0,0.0,0.0,0.0,0.0,0.0
61,/GDAX75000F0.EX,2020-05-15,2020-06-19,CALL,7500.0,2852.0,60.5,10465.17,0.9999999501360436,0.0003683346676552,8.53338959806672,-6.821210263296962e-06,0.0,0.0,0.0,-0.0,0.0,0.0
63,/GDAX75500F0.EX,2020-05-15,2020-06-19,CALL,7550.0,2803.6,60.0,10465.17,1.00000043480577,-0.0002990704160765,8.59517300209609,-4.547473508864641e-06,0.0,-0.0,0.0,-0.0,0.0,0.0
69,/GDAX77000F0.EX,2020-05-15,2020-06-19,CALL,7700.0,2658.5,58.44,10465.17,0.9999998660077836,0.0011410125807742,8.767120442230976,9.094947017729282e-07,0.0,0.0,0.0,0.0,0.0,0.0
62,/GDAX75000R0.EX,2020-05-15,2020-06-19,PUT ,7500.0,32.9,59.88,10465.17,0.9999999501360436,0.0003683346676552,8.53338959806672,-6.821210263296962e-06,0.0,0.0,0.0,-0.0,0.0,0.0
370,/GDAX170000R0.EX,2020-05-15,2020-06-19,PUT ,17000.0,6688.2,58.55,10465.17,0.0,0.0,0.0,0.0,0.0,0.0,0.0,0.0,0.0,0.0
376,/GDAX185000R0.EX,2020-05-15,2020-06-19,PUT ,18500.0,8189.4,68.53,10465.17,0.0,0.0,0.0,0.0,0.0,0.0,0.0,0.0,0.0,0.0
74,/GDAX78000R0.EX,2020-05-15,2020-06-19,PUT ,7800.0,43.3,56.97,10465.17,1.0000000545005605,-0.0001705444446997,8.877536551156027,3.637978807091713e-06,0.0,-0.0,0.0,0.0,0.0,0.0
75,/GDAX78500F0.EX,2020-05-15,2020-06-19,CALL,7850.0,2514.2,56.9,10465.17,0.9999999454976204,-0.0010867722721741,8.933952787105227,5.9117155615240335e-06,0.0,-0.0,0.0,0.0,0.0,0.0
76,/GDAX78500R0.EX,2020-05-15,2020-06-19,PUT ,7850.0,45.3,56.46,10465.17,0.9999999454976204,-0.0010867722721741,8.933952787105227,5.9117155615240335e-06,0.0,-0.0,0.0,0.0,0.0,0.0
32,/GDAX58000R0.EX,2020-05-15,2020-06-19,PUT ,5800.0,6.0,76.2,10465.17,1.0000001424486982,-0.0002392301212239,6.601805905878564,-4.547473508864641e-06,0.0,-0.0,0.0,-0.0,0.0,0.0
37,/GDAX62000F0.EX,2020-05-15,2020-06-19,CALL,6200.0,4129.2,74.85,10465.17,0.9999999375850166,0.0002409972239547,7.059075745561017,-8.185452315956354e-06,0.0,0.0,0.0,-0.0,0.0,0.0
87,/GDAX81500F0.EX,2020-05-15,2020-06-19,CALL,8150.0,2228.1,53.82,10465.17,1.0000019329254428,-0.000392817401007,9.28222416917174,0.0,0.0,-0.0,0.0,0.0,0.0,0.0
34,/GDAX60000R0.EX,2020-05-15,2020-06-19,PUT ,6000.0,7.4,74.23,10465.17,0.9999998683724698,0.000216803209696,6.829188651257709,0.0,0.0,0.0,0.0,0.0,0.0,0.0
39,/GDAX63000F0.EX,2020-05-15,2020-06-19,CALL,6300.0,4030.1,73.55,10465.17,0.9999999563206076,-0.0004465929123398,7.171443637494349,-1.8189894035458565e-06,0.0,-0.0,0.0,-0.0,0.0,0.0
67,/GDAX76500F0.EX,2020-05-15,2020-06-19,CALL,7650.0,2706.8,58.97,10465.17,1.0000000026593625,-0.0004085769433004,8.70689010729825,-1.000444171950221e-05,0.0,-0.0,0.0,-0.0,0.0,0.0
83,/GDAX80500F0.EX,2020-05-15,2020-06-19,CALL,8050.0,2323.0,54.84,10465.17,1.0000053267503972,0.0004966473170497,9.1621566999778,-1.8189894035458565e-06,0.0,0.0,0.0,-0.0,0.0,0.0
368,/GDAX165000R0.EX,2020-05-15,2020-06-19,PUT ,16500.0,6187.8,54.88,10465.17,0.0,0.0,0.0,0.0,0.0,0.0,0.0,0.0,0.0,0.0
33,/GDAX60000F0.EX,2020-05-15,2020-06-19,CALL,6000.0,4327.7,77.58,10465.17,0.9999998683724698,0.000216803209696,6.829188651257709,0.0,0.0,0.0,0.0,0.0,0.0,0.0
82,/GDAX80000R0.EX,2020-05-15,2020-06-19,PUT ,8000.0,51.8,55.01,10465.17,1.0000057275647125,0.0004363858806755,9.107183061366529,-3.637978807091713e-06,0.0,0.0,0.0,-0.0,0.0,0.0
81,/GDAX80000F0.EX,2020-05-15,2020-06-19,CALL,8000.0,2370.6,55.36,10465.17,1.0000057275647125,0.0004363858806755,9.107183061366529,-3.637978807091713e-06,0.0,0.0,0.0,-0.0,0.0,0.0
80,/GDAX79500R0.EX,2020-05-15,2020-06-19,PUT ,7950.0,49.6,55.5,10465.17,1.0000046264849516,0.0001963242084457,9.04690192533019,-1.3642420526593924e-06,0.0,0.0,0.0,-0.0,0.0,0.0
79,/GDAX79500F0.EX,2020-05-15,2020-06-19,CALL,7950.0,2418.4,55.86,10465.17,1.0000046264849516,0.0001963242084457,9.04690192533019,-1.3642420526593924e-06,0.0,0.0,0.0,-0.0,0.0,0.0
45,/GDAX66000F0.EX,2020-05-15,2020-06-19,CALL,6600.0,3733.4,69.89,10465.17,1.0000014226534404,-3.4358026823611e-05,7.510472435826045,4.547473508864641e-06,0.0,-0.0,0.0,0.0,0.0,0.0
78,/GDAX79000R0.EX,2020-05-15,2020-06-19,PUT ,7900.0,47.4,55.99,10465.17,0.9999994053032424,0.0008411885573877,8.98974646292345,0.0,0.0,0.0,0.0,0.0,0.0,0.0
77,/GDAX79000F0.EX,2020-05-15,2020-06-19,CALL,7900.0,2466.2,56.39,10465.17,0.9999994053032424,0.0008411885573877,8.98974646292345,0.0,0.0,0.0,0.0,0.0,0.0,0.0
44,/GDAX65000R0.EX,2020-05-15,2020-06-19,PUT ,6500.0,12.3,69.12,10465.17,0.999999910391125,0.0002797743036353,7.401240696548598,-6.821210263296962e-06,0.0,0.0,0.0,-0.0,0.0,0.0
47,/GDAX67000F0.EX,2020-05-15,2020-06-19,CALL,6700.0,3634.8,68.69,10465.17,0.9999998318107828,0.0004362962954473,7.626366291390013,9.094947017729282e-07,0.0,0.0,0.0,0.0,0.0,0.0
43,/GDAX65000F0.EX,2020-05-15,2020-06-19,CALL,6500.0,3832.2,71.03,10465.17,0.999999910391125,0.0002797743036353,7.401240696548598,-6.821210263296962e-06,0.0,0.0,0.0,-0.0,0.0,0.0
233,/GDAX118000F0.EX,2020-05-15,2020-06-19,CALL,11800.0,12.2,23.22,10465.17,0.0,0.0,0.0,0.0,0.0,0.0,0.0,0.0,0.0,0.0
328,/GDAX141500R0.EX,2020-05-15,2020-06-19,PUT ,14150.0,3836.2,37.13,10465.17,0.0,0.0,0.0,0.0,0.0,0.0,0.0,0.0,0.0,0.0
111,/GDAX87500F0.EX,2020-05-15,2020-06-19,CALL,8750.0,1672.0,47.83,10465.17,1.0000005780057108,-0.0004806324795936,9.956107980129218,-8.185452315956354e-06,0.0,-0.0,0.0,-0.0,0.0,0.0
205,/GDAX111000F0.EX,2020-05-15,2020-06-19,CALL,11100.0,96.4,26.14,10465.17,0.0,0.0,0.0,0.0,0.0,0.0,0.0,0.0,0.0,0.0
266,/GDAX126000R0.EX,2020-05-15,2020-06-19,PUT ,12600.0,2286.6,26.25,10465.17,0.0,0.0,0.0,0.0,0.0,0.0,0.0,0.0,0.0,0.0
273,/GDAX128000F0.EX,2020-05-15,2020-06-19,CALL,12800.0,1.4,26.34,10465.17,0.0,0.0,0.0,0.0,0.0,0.0,0.0,0.0,0.0,0.0
203,/GDAX110500F0.EX,2020-05-15,2020-06-19,CALL,11050.0,109.4,26.5,10465.17,0.0,0.0,0.0,0.0,0.0,0.0,0.0,0.0,0.0,0.0
201,/GDAX110000F0.EX,2020-05-15,2020-06-19,CALL,11000.0,123.6,26.89,10465.17,0.0,0.0,0.0,0.0,0.0,0.0,0.0,0.0,0.0,0.0
202,/GDAX110000R0.EX,2020-05-15,2020-06-19,PUT ,11000.0,807.1,26.89,10465.17,0.0,0.0,0.0,0.0,0.0,0.0,0.0,0.0,0.0,0.0
199,/GDAX109500F0.EX,2020-05-15,2020-06-19,CALL,10950.0,138.9,27.27,10465.17,0.0281725860077131,-0.0055810651247156,-113.73220028715129,1.8189894035458565e-06,0.0,-0.0,-0.0,0.0,0.0,0.0
281,/GDAX130000F0.EX,2020-05-15,2020-06-19,CALL,13000.0,1.0,27.4,10465.17,0.0,0.0,0.0,0.0,0.0,0.0,0.0,0.0,0.0,0.0
197,/GDAX109000F0.EX,2020-05-15,2020-06-19,CALL,10900.0,155.3,27.65,10465.17,0.0295970326988026,-0.0062529358729079,-127.44508834465614,-4.547473508864641e-06,0.0,-0.0,-0.0,-0.0,0.0,0.0
195,/GDAX108500F0.EX,2020-05-15,2020-06-19,CALL,10850.0,172.9,28.05,10465.17,0.0309144138554984,-0.0066609542045625,-141.85204934135163,-2.7284841053187847e-06,0.0,-0.0,-0.0,-0.0,0.0,0.0
194,/GDAX108000R0.EX,2020-05-15,2020-06-19,PUT ,10800.0,675.0,28.44,10465.17,0.0321167372931086,-0.0068362411184352,-156.90311936095782,9.094947017729282e-07,0.0,-0.0,-0.0,0.0,0.0,0.0
193,/GDAX108000F0.EX,2020-05-15,2020-06-19,CALL,10800.0,191.6,28.44,10465.17,0.0321167372931086,-0.0068362411184352,-156.90311936095782,9.094947017729282e-07,0.0,-0.0,-0.0,0.0,0.0,0.0
264,/GDAX125500R0.EX,2020-05-15,2020-06-19,PUT ,12550.0,2236.7,25.97,10465.17,0.0,0.0,0.0,0.0,0.0,0.0,0.0,0.0,0.0,0.0
282,/GDAX130000R0.EX,2020-05-15,2020-06-19,PUT ,13000.0,2686.1,28.71,10465.17,0.0,0.0,0.0,0.0,0.0,0.0,0.0,0.0,0.0,0.0
192,/GDAX107500R0.EX,2020-05-15,2020-06-19,PUT ,10750.0,645.1,28.87,10465.17,0.0331994871885399,-0.0067779166784021,-172.54754890138545,-9.094947017729282e-07,0.0,-0.0,-0.0,-0.0,0.0,0.0
190,/GDAX107000R0.EX,2020-05-15,2020-06-19,PUT ,10700.0,616.3,29.29,10465.17,0.0341621741426934,-0.0056694078011787,-188.73155330201732,-3.637978807091713e-06,0.0,-0.0,-0.0,-0.0,0.0,0.0
189,/GDAX107000F0.EX,2020-05-15,2020-06-19,CALL,10700.0,233.0,29.29,10465.17,0.0341621741426934,-0.0056694078011787,-188.73155330201732,-3.637978807091713e-06,0.0,-0.0,-0.0,-0.0,0.0,0.0
286,/GDAX131000R0.EX,2020-05-15,2020-06-19,PUT ,13100.0,2786.0,29.4,10465.17,0.0,0.0,0.0,0.0,0.0,0.0,0.0,0.0,0.0,0.0
188,/GDAX106500R0.EX,2020-05-15,2020-06-19,PUT ,10650.0,588.9,29.73,10465.17,0.0350254490513179,0.0120261417578149,-205.4198552462424,2.7284841053187847e-06,0.0,0.0,-0.0,0.0,0.0,0.0
187,/GDAX106500F0.EX,2020-05-15,2020-06-19,CALL,10650.0,255.7,29.74,10465.17,0.0350254490513179,0.0120261417578149,-205.4198552462424,2.7284841053187847e-06,0.0,0.0,-0.0,0.0,0.0,0.0
305,/GDAX136000F0.EX,2020-05-15,2020-06-19,CALL,13600.0,0.5,30.16,10465.17,0.0,0.0,0.0,0.0,0.0,0.0,0.0,0.0,0.0,0.0
185,/GDAX106000F0.EX,2020-05-15,2020-06-19,CALL,10600.0,279.4,30.19,10465.17,0.0361547997272282,0.2670522833795985,-222.8960332655101,1.8189894035458565e-06,0.0,0.0,-0.0,0.0,0.0,0.0
186,/GDAX106000R0.EX,2020-05-15,2020-06-19,PUT ,10600.0,562.6,30.19,10465.17,0.0361547997272282,0.2670522833795985,-222.8960332655101,1.8189894035458565e-06,0.0,0.0,-0.0,0.0,0.0,0.0
290,/GDAX132000R0.EX,2020-05-15,2020-06-19,PUT ,13200.0,2886.0,30.21,10465.17,0.0,0.0,0.0,0.0,0.0,0.0,0.0,0.0,0.0,0.0
184,/GDAX105500R0.EX,2020-05-15,2020-06-19,PUT ,10550.0,537.6,30.67,10465.17,0.0427511898124066,2.8650996807300544,-244.82068118374195,1.546140993013978e-05,0.0,0.0,-0.0,0.0,0.0,0.0
183,/GDAX105500F0.EX,2020-05-15,2020-06-19,CALL,10550.0,304.4,30.68,10465.17,0.0427511898124066,2.8650996807300544,-244.82068118374195,1.546140993013978e-05,0.0,0.0,-0.0,0.0,0.0,0.0
191,/GDAX107500F0.EX,2020-05-15,2020-06-19,CALL,10750.0,211.8,28.86,10465.17,0.0331994871885399,-0.0067779166784021,-172.54754890138545,-9.094947017729282e-07,0.0,-0.0,-0.0,-0.0,0.0,0.0
313,/GDAX138000F0.EX,2020-05-15,2020-06-19,CALL,13800.0,0.4,30.82,10465.17,0.0,0.0,0.0,0.0,0.0,0.0,0.0,0.0,0.0,0.0
207,/GDAX111500F0.EX,2020-05-15,2020-06-19,CALL,11150.0,84.4,25.77,10465.17,0.0,0.0,0.0,0.0,0.0,0.0,0.0,0.0,0.0,0.0
210,/GDAX112000R0.EX,2020-05-15,2020-06-19,PUT ,11200.0,957.0,25.4,10465.17,0.0,0.0,0.0,0.0,0.0,0.0,0.0,0.0,0.0,0.0
231,/GDAX117500F0.EX,2020-05-15,2020-06-19,CALL,11750.0,14.2,23.23,10465.17,0.0,0.0,0.0,0.0,0.0,0.0,0.0,0.0,0.0,0.0
229,/GDAX117000F0.EX,2020-05-15,2020-06-19,CALL,11700.0,16.5,23.26,10465.17,0.0,0.0,0.0,0.0,0.0,0.0,0.0,0.0,0.0,0.0
239,/GDAX119500F0.EX,2020-05-15,2020-06-19,CALL,11950.0,7.9,23.32,10465.17,0.0,0.0,0.0,0.0,0.0,0.0,0.0,0.0,0.0,0.0
241,/GDAX120000F0.EX,2020-05-15,2020-06-19,CALL,12000.0,6.8,23.4,10465.17,0.0,0.0,0.0,0.0,0.0,0.0,0.0,0.0,0.0,0.0
225,/GDAX116000F0.EX,2020-05-15,2020-06-19,CALL,11600.0,22.2,23.41,10465.17,0.0,0.0,0.0,0.0,0.0,0.0,0.0,0.0,0.0,0.0
238,/GDAX119000R0.EX,2020-05-15,2020-06-19,PUT ,11900.0,1593.3,23.42,10465.17,0.0,0.0,0.0,0.0,0.0,0.0,0.0,0.0,0.0,0.0
226,/GDAX116000R0.EX,2020-05-15,2020-06-19,PUT ,11600.0,1306.2,23.46,10465.17,0.0,0.0,0.0,0.0,0.0,0.0,0.0,0.0,0.0,0.0
223,/GDAX115500F0.EX,2020-05-15,2020-06-19,CALL,11550.0,25.8,23.51,10465.17,0.0,0.0,0.0,0.0,0.0,0.0,0.0,0.0,0.0,0.0
245,/GDAX121000F0.EX,2020-05-15,2020-06-19,CALL,12100.0,5.2,23.56,10465.17,0.0,0.0,0.0,0.0,0.0,0.0,0.0,0.0,0.0,0.0
242,/GDAX120000R0.EX,2020-05-15,2020-06-19,PUT ,12000.0,1691.1,23.59,10465.17,0.0,0.0,0.0,0.0,0.0,0.0,0.0,0.0,0.0,0.0
221,/GDAX115000F0.EX,2020-05-15,2020-06-19,CALL,11500.0,30.0,23.65,10465.17,0.0,0.0,0.0,0.0,0.0,0.0,0.0,0.0,0.0,0.0
222,/GDAX115000R0.EX,2020-05-15,2020-06-19,PUT ,11500.0,1213.9,23.7,10465.17,0.0,0.0,0.0,0.0,0.0,0.0,0.0,0.0,0.0,0.0
262,/GDAX125000R0.EX,2020-05-15,2020-06-19,PUT ,12500.0,2186.9,25.68,10465.17,0.0,0.0,0.0,0.0,0.0,0.0,0.0,0.0,0.0,0.0
244,/GDAX120500R0.EX,2020-05-15,2020-06-19,PUT ,12050.0,1740.3,23.71,10465.17,0.0,0.0,0.0,0.0,0.0,0.0,0.0,0.0,0.0,0.0
251,/GDAX122500F0.EX,2020-05-15,2020-06-19,CALL,12250.0,3.6,24.02,10465.17,0.0,0.0,0.0,0.0,0.0,0.0,0.0,0.0,0.0,0.0
217,/GDAX114000F0.EX,2020-05-15,2020-06-19,CALL,11400.0,40.5,24.06,10465.17,0.0,0.0,0.0,0.0,0.0,0.0,0.0,0.0,0.0,0.0
215,/GDAX113500F0.EX,2020-05-15,2020-06-19,CALL,11350.0,47.1,24.34,10465.17,0.0,0.0,0.0,0.0,0.0,0.0,0.0,0.0,0.0,0.0
216,/GDAX113500R0.EX,2020-05-15,2020-06-19,PUT ,11350.0,1080.9,24.39,10465.17,0.0,0.0,0.0,0.0,0.0,0.0,0.0,0.0,0.0,0.0
257,/GDAX124000F0.EX,2020-05-15,2020-06-19,CALL,12400.0,2.6,24.54,10465.17,0.0,0.0,0.0,0.0,0.0,0.0,0.0,0.0,0.0,0.0
254,/GDAX123000R0.EX,2020-05-15,2020-06-19,PUT ,12300.0,1987.7,24.64,10465.17,0.0,0.0,0.0,0.0,0.0,0.0,0.0,0.0,0.0,0.0
213,/GDAX113000F0.EX,2020-05-15,2020-06-19,CALL,11300.0,54.7,24.67,10465.17,0.0,0.0,0.0,0.0,0.0,0.0,0.0,0.0,0.0,0.0
214,/GDAX113000R0.EX,2020-05-15,2020-06-19,PUT ,11300.0,1038.5,24.69,10465.17,0.0,0.0,0.0,0.0,0.0,0.0,0.0,0.0,0.0,0.0
261,/GDAX125000F0.EX,2020-05-15,2020-06-19,CALL,12500.0,2.2,24.94,10465.17,0.0,0.0,0.0,0.0,0.0,0.0,0.0,0.0,0.0,0.0
211,/GDAX112500F0.EX,2020-05-15,2020-06-19,CALL,11250.0,63.5,25.01,10465.17,0.0,0.0,0.0,0.0,0.0,0.0,0.0,0.0,0.0,0.0
212,/GDAX112500R0.EX,2020-05-15,2020-06-19,PUT ,11250.0,997.2,25.03,10465.17,0.0,0.0,0.0,0.0,0.0,0.0,0.0,0.0,0.0,0.0
209,/GDAX112000F0.EX,2020-05-15,2020-06-19,CALL,11200.0,73.4,25.39,10465.17,0.0,0.0,0.0,0.0,0.0,0.0,0.0,0.0,0.0,0.0
219,/GDAX114500F0.EX,2020-05-15,2020-06-19,CALL,11450.0,34.8,23.83,10465.17,0.0,0.0,0.0,0.0,0.0,0.0,0.0,0.0,0.0,0.0
110,/GDAX87000R0.EX,2020-05-15,2020-06-19,PUT ,8700.0,99.1,48.16,10465.17,0.999998678889824,-0.0005486495865625,9.900431401657896,3.637978807091713e-06,0.0,-0.0,0.0,0.0,0.0,0.0
182,/GDAX105000R0.EX,2020-05-15,2020-06-19,PUT ,10500.0,513.6,31.14,10465.17,0.1034942731166665,14.13391896567191,-289.18134768762707,9.458744898438454e-05,0.0,0.0,-0.0,0.0,0.0,0.0
180,/GDAX104500R0.EX,2020-05-15,2020-06-19,PUT ,10450.0,490.6,31.61,10465.17,0.385761098277726,7.497045383297518,-314.2908182240699,7.912603905424476e-05,0.0,0.0,-0.0,0.0,0.0,0.0
146,/GDAX96000R0.EX,2020-05-15,2020-06-19,PUT ,9600.0,225.3,39.69,10465.17,0.9999987501942088,0.0005492774107551,10.928119929158584,0.0,0.0,0.0,0.0,0.0,0.0,0.0
344,/GDAX145500R0.EX,2020-05-15,2020-06-19,PUT ,14550.0,4236.5,40.05,10465.17,0.0,0.0,0.0,0.0,0.0,0.0,0.0,0.0,0.0,0.0
142,/GDAX95000R0.EX,2020-05-15,2020-06-19,PUT ,9500.0,205.7,40.63,10465.17,0.9999986627008184,-0.0010092599950439,10.809680969911824,9.094947017729282e-07,0.0,-0.0,0.0,0.0,0.0,0.0
141,/GDAX95000F0.EX,2020-05-15,2020-06-19,CALL,9500.0,1023.3,40.69,10465.17,0.9999986627008184,-0.0010092599950439,10.809680969911824,9.094947017729282e-07,0.0,-0.0,0.0,0.0,0.0,0.0
139,/GDAX94500F0.EX,2020-05-15,2020-06-19,CALL,9450.0,1064.2,41.18,10465.17,1.0000029690672818,-0.001091852391255,10.757382956745232,-2.7284841053187847e-06,0.0,-0.0,0.0,-0.0,0.0,0.0
350,/GDAX147000R0.EX,2020-05-15,2020-06-19,PUT ,14700.0,4386.6,41.25,10465.17,0.0,0.0,0.0,0.0,0.0,0.0,0.0,0.0,0.0,0.0
138,/GDAX94000R0.EX,2020-05-15,2020-06-19,PUT ,9400.0,187.8,41.58,10465.17,1.000002887485607,-0.0009072098691831,10.69847510499335,2.7284841053187847e-06,0.0,-0.0,0.0,0.0,0.0,0.0
352,/GDAX147500R0.EX,2020-05-15,2020-06-19,PUT ,14750.0,4436.6,41.58,10465.17,0.0,0.0,0.0,0.0,0.0,0.0,0.0,0.0,0.0,0.0
137,/GDAX94000F0.EX,2020-05-15,2020-06-19,CALL,9400.0,1105.5,41.65,10465.17,1.000002887485607,-0.0009072098691831,10.69847510499335,2.7284841053187847e-06,0.0,-0.0,0.0,0.0,0.0,0.0
136,/GDAX93500R0.EX,2020-05-15,2020-06-19,PUT ,9350.0,179.5,42.06,10465.17,1.0000020608458726,-0.0005085009433969,10.642386113970131,0.0,0.0,-0.0,0.0,0.0,0.0,0.0
356,/GDAX148500R0.EX,2020-05-15,2020-06-19,PUT ,14850.0,4536.7,42.45,10465.17,0.0,0.0,0.0,0.0,0.0,0.0,0.0,0.0,0.0,0.0
134,/GDAX93000R0.EX,2020-05-15,2020-06-19,PUT ,9300.0,171.5,42.53,10465.17,1.0000006924201443,3.911482053808868e-05,10.58568818040112,3.637978807091713e-06,0.0,0.0,0.0,0.0,0.0,0.0
340,/GDAX144500R0.EX,2020-05-15,2020-06-19,PUT ,14450.0,4136.4,39.38,10465.17,0.0,0.0,0.0,0.0,0.0,0.0,0.0,0.0,0.0,0.0
132,/GDAX92500R0.EX,2020-05-15,2020-06-19,PUT ,9250.0,163.9,43.0,10465.17,0.9999991048061928,0.0006058106919226,10.52840301409151,-9.094947017729282e-07,0.0,0.0,0.0,-0.0,0.0,0.0
130,/GDAX92000R0.EX,2020-05-15,2020-06-19,PUT ,9200.0,156.6,43.45,10465.17,0.999997687904397,0.0010091655894939,10.47080785596063,-2.7284841053187847e-06,0.0,0.0,0.0,-0.0,0.0,0.0
128,/GDAX91500R0.EX,2020-05-15,2020-06-19,PUT ,9150.0,149.7,43.92,10465.17,0.9999967708608892,0.0012010712453047,10.412127906836076,-2.7284841053187847e-06,0.0,0.0,0.0,-0.0,0.0,0.0
127,/GDAX91500F0.EX,2020-05-15,2020-06-19,CALL,9150.0,1317.6,44.02,10465.17,0.9999967708608892,0.0012010712453047,10.412127906836076,-2.7284841053187847e-06,0.0,0.0,0.0,-0.0,0.0,0.0
126,/GDAX91000R0.EX,2020-05-15,2020-06-19,PUT ,9100.0,143.1,44.39,10465.17,0.999996498831024,0.0011599221579672,10.357403056486646,0.0,0.0,0.0,0.0,0.0,0.0,0.0
124,/GDAX90500R0.EX,2020-05-15,2020-06-19,PUT ,9050.0,136.7,44.85,10465.17,0.9999968319789332,0.0009662291631684,10.29826150600502,7.275957614183426e-06,0.0,0.0,0.0,0.0,0.0,0.0
122,/GDAX90000R0.EX,2020-05-15,2020-06-19,PUT ,9000.0,130.7,45.32,10465.17,0.9999976102335496,0.0005943448741163,10.241223894524865,-2.7284841053187847e-06,0.0,0.0,0.0,-0.0,0.0,0.0
121,/GDAX90000F0.EX,2020-05-15,2020-06-19,CALL,9000.0,1448.7,45.42,10465.17,0.9999976102335496,0.0005943448741163,10.241223894524865,-2.7284841053187847e-06,0.0,0.0,0.0,-0.0,0.0,0.0
118,/GDAX89000R0.EX,2020-05-15,2020-06-19,PUT ,8900.0,119.3,46.25,10465.17,1.000000054409611,-1.8370883481111377e-05,10.129866725355896,-1.8189894035458565e-06,0.0,-0.0,0.0,-0.0,0.0,0.0
117,/GDAX89000F0.EX,2020-05-15,2020-06-19,CALL,8900.0,1537.4,46.39,10465.17,1.000000054409611,-1.8370883481111377e-05,10.129866725355896,-1.8189894035458565e-06,0.0,-0.0,0.0,-0.0,0.0,0.0
116,/GDAX88500R0.EX,2020-05-15,2020-06-19,PUT ,8850.0,113.9,46.73,10465.17,0.999999882606062,-0.0002743876393651,10.069254367047506,9.094947017729282e-07,0.0,-0.0,0.0,0.0,0.0,0.0
114,/GDAX88000R0.EX,2020-05-15,2020-06-19,PUT ,8800.0,108.8,47.21,10465.17,0.9999996073929652,-0.0004244148840371,10.011870187310253,-4.547473508864641e-06,0.0,-0.0,0.0,-0.0,0.0,0.0
112,/GDAX87500R0.EX,2020-05-15,2020-06-19,PUT ,8750.0,103.8,47.69,10465.17,1.0000005780057108,-0.0004806324795936,9.956107980129218,-8.185452315956354e-06,0.0,-0.0,0.0,-0.0,0.0,0.0
360,/GDAX149500R0.EX,2020-05-15,2020-06-19,PUT ,14950.0,4636.7,43.32,10465.17,0.0,0.0,0.0,0.0,0.0,0.0,0.0,0.0,0.0,0.0
181,/GDAX105000F0.EX,2020-05-15,2020-06-19,CALL,10500.0,330.5,31.16,10465.17,0.1034942731166665,14.13391896567191,-289.18134768762707,9.458744898438454e-05,0.0,0.0,-0.0,0.0,0.0,0.0
148,/GDAX96500R0.EX,2020-05-15,2020-06-19,PUT ,9650.0,235.7,39.22,10465.17,0.9999962886467983,0.0020100690562685,10.982023200925823,9.094947017729282e-07,0.0,0.0,0.0,0.0,0.0,0.0
336,/GDAX143500R0.EX,2020-05-15,2020-06-19,PUT ,14350.0,4036.4,38.49,10465.17,0.0,0.0,0.0,0.0,0.0,0.0,0.0,0.0,0.0,0.0
179,/GDAX104500F0.EX,2020-05-15,2020-06-19,CALL,10450.0,357.4,31.62,10465.17,0.385761098277726,7.497045383297518,-314.2908182240699,7.912603905424476e-05,0.0,0.0,-0.0,0.0,0.0,0.0
321,/GDAX140000F0.EX,2020-05-15,2020-06-19,CALL,14000.0,0.4,31.73,10465.17,0.0,0.0,0.0,0.0,0.0,0.0,0.0,0.0,0.0,0.0
178,/GDAX104000R0.EX,2020-05-15,2020-06-19,PUT ,10400.0,468.6,32.09,10465.17,0.8133794490277069,-18.58034169727034,-150.79971129624278,-0.0001355147105641,0.0,-0.0,-0.0,-0.0,0.0,0.0
177,/GDAX104000F0.EX,2020-05-15,2020-06-19,CALL,10400.0,385.5,32.11,10465.17,0.8133794490277069,-18.58034169727034,-150.79971129624278,-0.0001355147105641,0.0,-0.0,-0.0,-0.0,0.0,0.0
176,/GDAX103500R0.EX,2020-05-15,2020-06-19,PUT ,10350.0,447.6,32.56,10465.17,0.9840156561040204,-5.542197450085951,-9.435586880124902,-4.547473508864641e-05,0.0,-0.0,-0.0,-0.0,0.0,0.0
174,/GDAX103000R0.EX,2020-05-15,2020-06-19,PUT ,10300.0,427.5,33.04,10465.17,0.9991123656618583,-0.2003940006034099,10.030235308556255,-4.547473508864641e-06,0.0,-0.0,0.0,-0.0,0.0,0.0
173,/GDAX103000F0.EX,2020-05-15,2020-06-19,CALL,10300.0,444.5,33.06,10465.17,0.9991123656618583,-0.2003940006034099,10.030235308556255,-4.547473508864641e-06,0.0,-0.0,0.0,-0.0,0.0,0.0
333,/GDAX143000F0.EX,2020-05-15,2020-06-19,CALL,14300.0,0.3,33.16,10465.17,0.0,0.0,0.0,0.0,0.0,0.0,0.0,0.0,0.0,0.0
172,/GDAX102500R0.EX,2020-05-15,2020-06-19,PUT ,10250.0,408.3,33.52,10465.17,0.9995163994972244,-0.0032375547561969,10.747123398374924,4.547473508864641e-06,0.0,-0.0,0.0,0.0,0.0,0.0
171,/GDAX102500F0.EX,2020-05-15,2020-06-19,CALL,10250.0,475.4,33.53,10465.17,0.9995163994972244,-0.0032375547561969,10.747123398374924,4.547473508864641e-06,0.0,-0.0,0.0,0.0,0.0,0.0
170,/GDAX102000R0.EX,2020-05-15,2020-06-19,PUT ,10200.0,390.0,33.99,10465.17,0.999649528421287,-0.001605761826795,10.960018231008007,-55.18441230378812,0.0,-0.0,0.0,-0.0,0.0,0.0
169,/GDAX102000F0.EX,2020-05-15,2020-06-19,CALL,10200.0,507.2,34.02,10465.17,0.999649528421287,-0.001605761826795,10.960018231008007,-55.18441230378812,0.0,-0.0,0.0,-0.0,0.0,0.0
150,/GDAX97000R0.EX,2020-05-15,2020-06-19,PUT ,9700.0,246.7,38.74,10465.17,0.9999932853133942,0.0002584863068477,11.034144396427564,0.0,0.0,0.0,0.0,0.0,0.0,0.0
166,/GDAX101000R0.EX,2020-05-15,2020-06-19,PUT ,10100.0,355.9,34.94,10465.17,0.9998236468163668,-0.0009376070011057,11.184137618915884,1.8189894035458565e-06,0.0,-0.0,0.0,0.0,0.0,0.0
164,/GDAX100500R0.EX,2020-05-15,2020-06-19,PUT ,10050.0,340.1,35.42,10465.17,0.9998777172768314,-0.0007011870366113,11.227670018112804,-9.094947017729282e-07,0.0,-0.0,0.0,-0.0,0.0,0.0
162,/GDAX100000R0.EX,2020-05-15,2020-06-19,PUT ,10000.0,324.7,35.89,10465.17,0.9999164562032092,-0.0004831800652027,11.240916229526649,9.094947017729282e-07,0.0,-0.0,0.0,0.0,0.0,0.0
161,/GDAX100000F0.EX,2020-05-15,2020-06-19,CALL,10000.0,642.0,35.92,10465.17,0.9999164562032092,-0.0004831800652027,11.240916229526649,9.094947017729282e-07,0.0,-0.0,0.0,0.0,0.0,0.0
324,/GDAX140500R0.EX,2020-05-15,2020-06-19,PUT ,14050.0,3736.2,36.22,10465.17,0.0,0.0,0.0,0.0,0.0,0.0,0.0,0.0,0.0,0.0
160,/GDAX99500R0.EX,2020-05-15,2020-06-19,PUT ,9950.0,310.1,36.37,10465.17,0.9999436961152242,-0.0002829134245985,11.232229671829373,-2.7284841053187847e-06,0.0,-0.0,0.0,-0.0,0.0,0.0
158,/GDAX99000R0.EX,2020-05-15,2020-06-19,PUT ,9900.0,296.3,36.84,10465.17,0.9999624753618264,-8.446968422504142e-05,11.207993436345989,-1.8189894035458565e-06,0.0,-0.0,0.0,-0.0,0.0,0.0
157,/GDAX99000F0.EX,2020-05-15,2020-06-19,CALL,9900.0,713.7,36.87,10465.17,0.9999624753618264,-8.446968422504142e-05,11.207993436345989,-1.8189894035458565e-06,0.0,-0.0,0.0,-0.0,0.0,0.0
156,/GDAX98500R0.EX,2020-05-15,2020-06-19,PUT ,9850.0,283.1,37.31,10465.17,0.9999751749091956,0.0015100285963853,11.173028583071527,-4.547473508864641e-06,0.0,0.0,0.0,-0.0,0.0,0.0
330,/GDAX142000R0.EX,2020-05-15,2020-06-19,PUT ,14200.0,3886.3,37.47,10465.17,0.0,0.0,0.0,0.0,0.0,0.0,0.0,0.0,0.0,0.0
154,/GDAX98000R0.EX,2020-05-15,2020-06-19,PUT ,9800.0,270.3,37.79,10465.17,0.9999836462156964,0.0002614671757328,11.1308904514583,3.637978807091713e-06,0.0,0.0,0.0,0.0,0.0,0.0
152,/GDAX97500R0.EX,2020-05-15,2020-06-19,PUT ,9750.0,258.4,38.26,10465.17,0.9999893222811806,0.0003300196112832,11.084064880141568,0.0,0.0,0.0,0.0,0.0,0.0,0.0
151,/GDAX97500F0.EX,2020-05-15,2020-06-19,CALL,9750.0,825.8,38.3,10465.17,0.9999893222811806,0.0003300196112832,11.084064880141568,0.0,0.0,0.0,0.0,0.0,0.0,0.0
165,/GDAX101000F0.EX,2020-05-15,2020-06-19,CALL,10100.0,573.1,34.97,10465.17,0.9998236468163668,-0.0009376070011057,11.184137618915884,1.8189894035458565e-06,0.0,-0.0,0.0,0.0,0.0,0.0
1,/GDAX20000F0.EX,2020-05-15,2020-06-19,CALL,2000.0,8323.3,203.25,10465.17,0.9999998359489836,0.0010323452443117,2.275812370055746,-9.094947017729282e-07,0.0,0.0,0.0,-0.0,0.0,0.0
