Unnamed: 0,Instrument,CF_DATE,EXPIR_DATE,PUTCALLIND,STRIKE_PRC,CF_CLOSE,IMP_VOLT,IMP_VOLT_RANGE,T,MODEL_PRICE
233,/GDAX118000F0.EX,2020-05-15,2020-06-19,CALL,11800.0,12.2,23.22,23,0.09582477754962354,9.604202233504111e-08
231,/GDAX117500F0.EX,2020-05-15,2020-06-19,CALL,11750.0,14.2,23.23,23,0.09582477754962354,0.0
235,/GDAX118500F0.EX,2020-05-14,2020-06-19,CALL,11850.0,10.5,23.23,23,0.09856262833675565,7.570868376660655e-10
237,/GDAX119000F0.EX,2020-05-14,2020-06-19,CALL,11900.0,9.1,23.25,23,0.09856262833675565,0.0
229,/GDAX117000F0.EX,2020-05-15,2020-06-19,CALL,11700.0,16.5,23.26,23,0.09582477754962354,0.0
239,/GDAX119500F0.EX,2020-05-15,2020-06-19,CALL,11950.0,7.9,23.32,23,0.09582477754962354,9.990229976608589e-09
227,/GDAX116500F0.EX,2020-05-14,2020-06-19,CALL,11650.0,19.1,23.33,23,0.09856262833675565,5.971504535295935e-08
232,/GDAX117500R0.EX,2020-04-30,2020-06-19,PUT ,11750.0,1448.3,23.35,23,0.13689253935660506,10382.400233538065
230,/GDAX117000R0.EX,2020-04-30,2020-06-19,PUT ,11700.0,1400.5,23.35,23,0.13689253935660506,10379.856828060849
234,/GDAX118000R0.EX,2020-05-14,2020-06-19,PUT ,11800.0,1496.3,23.35,23,0.09856262833675565,10361.995480672414
236,/GDAX118500R0.EX,2020-05-06,2020-06-19,PUT ,11850.0,1544.7,23.36,23,0.12046543463381246,10376.891160678055
241,/GDAX120000F0.EX,2020-05-15,2020-06-19,CALL,12000.0,6.8,23.4,23,0.09582477754962354,0.0
225,/GDAX116000F0.EX,2020-05-15,2020-06-19,CALL,11600.0,22.2,23.41,23,0.09582477754962354,0.0
228,/GDAX116500R0.EX,2020-04-30,2020-06-19,PUT ,11650.0,1353.2,23.41,23,0.13689253935660506,10376.813422812726
238,/GDAX119000R0.EX,2020-05-15,2020-06-19,PUT ,11900.0,1593.3,23.42,23,0.09582477754962354,10363.85255301736
226,/GDAX116000R0.EX,2020-05-15,2020-06-19,PUT ,11600.0,1306.2,23.46,23,0.09582477754962354,10349.51172850219
243,/GDAX120500F0.EX,2020-05-14,2020-06-19,CALL,12050.0,6.0,23.46,23,0.09856262833675565,5.57604469264561e-08
240,/GDAX119500R0.EX,2020-05-05,2020-06-19,PUT ,11950.0,1642.1,23.5,23,0.12320328542094455,10381.741166388554
223,/GDAX115500F0.EX,2020-05-15,2020-06-19,CALL,11550.0,25.8,23.51,23,0.09582477754962354,1.4840718876030223e-08
245,/GDAX121000F0.EX,2020-05-15,2020-06-19,CALL,12100.0,5.2,23.56,23,0.09582477754962354,5.930880764282165e-08
224,/GDAX115500R0.EX,2020-04-27,2020-06-19,PUT ,11550.0,1259.8,23.57,23,0.14510609171800137,10374.303497282115
242,/GDAX120000R0.EX,2020-05-15,2020-06-19,PUT ,12000.0,1691.1,23.59,23,0.09582477754962354,10366.532822588473
221,/GDAX115000F0.EX,2020-05-15,2020-06-19,CALL,11500.0,30.0,23.65,23,0.09582477754962354,0.0
222,/GDAX115000R0.EX,2020-05-15,2020-06-19,PUT ,11500.0,1213.9,23.7,23,0.09582477754962354,10341.331455054044
244,/GDAX120500R0.EX,2020-05-15,2020-06-19,PUT ,12050.0,1740.3,23.71,23,0.09582477754962354,10367.572962960196
247,/GDAX121500F0.EX,2020-05-12,2020-06-19,CALL,12150.0,4.6,23.72,23,0.10403832991101986,2.1397678295898004e-08
219,/GDAX114500F0.EX,2020-05-15,2020-06-19,CALL,11450.0,34.8,23.83,23,0.09582477754962354,2.1428100183129573e-08
249,/GDAX122000F0.EX,2020-05-14,2020-06-19,CALL,12200.0,4.0,23.83,23,0.09856262833675565,9.609292916934464e-08
220,/GDAX114500R0.EX,2020-05-04,2020-06-19,PUT ,11450.0,1168.7,23.86,23,0.12594113620807665,10353.62879147407
246,/GDAX121000R0.EX,2020-05-13,2020-06-19,PUT ,12100.0,1789.6,23.88,23,0.10130047912388775,10371.842261778213
248,/GDAX121500R0.EX,2020-03-12,2020-06-19,PUT ,12150.0,1839.0,24.0,24,0.27104722792607805,10476.782024241147
251,/GDAX122500F0.EX,2020-05-15,2020-06-19,CALL,12250.0,3.6,24.02,24,0.09582477754962354,8.158788977752351e-08
217,/GDAX114000F0.EX,2020-05-15,2020-06-19,CALL,11400.0,40.5,24.06,24,0.09582477754962354,2.8004990326735424e-08
218,/GDAX114000R0.EX,2020-05-14,2020-06-19,PUT ,11400.0,1124.3,24.1,24,0.09856262833675565,10332.019358795891
253,/GDAX123000F0.EX,2020-05-14,2020-06-19,CALL,12300.0,3.2,24.18,24,0.09856262833675565,0.0
250,/GDAX122000R0.EX,2020-04-06,2020-06-19,PUT ,12200.0,1888.5,24.19,24,0.2026009582477755,10435.714672604981
215,/GDAX113500F0.EX,2020-05-15,2020-06-19,CALL,11350.0,47.1,24.34,24,0.09582477754962354,0.0
255,/GDAX123500F0.EX,2020-05-11,2020-06-19,CALL,12350.0,2.9,24.38,24,0.10677618069815195,0.0
216,/GDAX113500R0.EX,2020-05-15,2020-06-19,PUT ,11350.0,1080.9,24.39,24,0.09582477754962354,10323.611044700347
252,/GDAX122500R0.EX,2020-03-11,2020-06-19,PUT ,12250.0,1938.1,24.4,24,0.2737850787132101,10480.74641571722
257,/GDAX124000F0.EX,2020-05-15,2020-06-19,CALL,12400.0,2.6,24.54,24,0.09582477754962354,3.268591086680317e-08
254,/GDAX123000R0.EX,2020-05-15,2020-06-19,PUT ,12300.0,1987.7,24.64,24,0.09582477754962354,10371.373643153183
213,/GDAX113000F0.EX,2020-05-15,2020-06-19,CALL,11300.0,54.7,24.67,24,0.09582477754962354,4.7118383150746013e-07
214,/GDAX113000R0.EX,2020-05-15,2020-06-19,PUT ,11300.0,1038.5,24.69,24,0.09582477754962354,10315.770907937478
259,/GDAX124500F0.EX,2020-05-14,2020-06-19,CALL,12450.0,2.4,24.75,24,0.09856262833675565,0.0
256,/GDAX123500R0.EX,2020-04-16,2020-06-19,PUT ,12350.0,2037.4,24.86,24,0.17522245037645448,10421.275226555857
261,/GDAX125000F0.EX,2020-05-15,2020-06-19,CALL,12500.0,2.2,24.94,24,0.09582477754962354,6.505491256802998e-09
211,/GDAX112500F0.EX,2020-05-15,2020-06-19,CALL,11250.0,63.5,25.01,25,0.09582477754962354,0.0
212,/GDAX112500R0.EX,2020-05-15,2020-06-19,PUT ,11250.0,997.2,25.03,25,0.09582477754962354,10306.830771176692
258,/GDAX124000R0.EX,2020-05-05,2020-06-19,PUT ,12400.0,2087.2,25.13,25,0.12320328542094455,10389.421796169714
263,/GDAX125500F0.EX,2020-05-12,2020-06-19,CALL,12550.0,2.0,25.2,25,0.10403832991101986,7.784117106446331e-08
260,/GDAX124500R0.EX,2020-03-11,2020-06-19,PUT ,12450.0,2137.0,25.37,25,0.2737850787132101,10484.603090844303
209,/GDAX112000F0.EX,2020-05-15,2020-06-19,CALL,11200.0,73.4,25.39,25,0.09582477754962354,0.0
210,/GDAX112000R0.EX,2020-05-15,2020-06-19,PUT ,11200.0,957.0,25.4,25,0.09582477754962354,10296.790634439812
265,/GDAX126000F0.EX,2020-05-12,2020-06-19,CALL,12600.0,1.9,25.45,25,0.10403832991101986,0.0
267,/GDAX126500F0.EX,2020-05-12,2020-06-19,CALL,12650.0,1.7,25.67,25,0.10403832991101986,0.0
262,/GDAX125000R0.EX,2020-05-15,2020-06-19,PUT ,12500.0,2186.9,25.68,25,0.09582477754962354,10373.1341961071
207,/GDAX111500F0.EX,2020-05-15,2020-06-19,CALL,11150.0,84.4,25.77,25,0.09582477754962354,0.0
208,/GDAX111500R0.EX,2020-04-29,2020-06-19,PUT ,11150.0,918.0,25.78,25,0.13963039014373715,10310.116310531424
269,/GDAX127000F0.EX,2020-05-14,2020-06-19,CALL,12700.0,1.6,25.87,25,0.09856262833675565,7.105334098866933e-10
264,/GDAX125500R0.EX,2020-05-15,2020-06-19,PUT ,12550.0,2236.7,25.97,25,0.09582477754962354,10373.57432695711
205,/GDAX111000F0.EX,2020-05-15,2020-06-19,CALL,11100.0,96.4,26.14,26,0.09582477754962354,0.0
206,/GDAX111000R0.EX,2020-05-14,2020-06-19,PUT ,11100.0,880.0,26.15,26,0.09856262833675565,10274.837270380747
271,/GDAX127500F0.EX,2020-05-11,2020-06-19,CALL,12750.0,1.5,26.19,26,0.10677618069815195,3.880158194746741e-09
266,/GDAX126000R0.EX,2020-05-15,2020-06-19,PUT ,12600.0,2286.6,26.25,26,0.09582477754962354,10373.914465365508
273,/GDAX128000F0.EX,2020-05-15,2020-06-19,CALL,12800.0,1.4,26.34,26,0.09582477754962354,0.0
268,/GDAX126500R0.EX,2020-05-14,2020-06-19,PUT ,12650.0,2336.5,26.5,26,0.09856262833675565,10375.994727055537
203,/GDAX110500F0.EX,2020-05-15,2020-06-19,CALL,11050.0,109.4,26.5,26,0.09582477754962354,0.0
204,/GDAX110500R0.EX,2020-05-08,2020-06-19,PUT ,11050.0,843.0,26.53,26,0.11498973305954825,10270.714816005648
275,/GDAX128500F0.EX,2020-05-11,2020-06-19,CALL,12850.0,1.3,26.63,26,0.10677618069815195,0.0
270,/GDAX127000R0.EX,2020-05-06,2020-06-19,PUT ,12700.0,2386.4,26.85,26,0.12046543463381246,10390.326392398982
201,/GDAX110000F0.EX,2020-05-15,2020-06-19,CALL,11000.0,123.6,26.89,26,0.09582477754962354,0.0
202,/GDAX110000R0.EX,2020-05-15,2020-06-19,PUT ,11000.0,807.1,26.89,26,0.09582477754962354,10245.730087416927
277,/GDAX129000F0.EX,2020-05-11,2020-06-19,CALL,12900.0,1.2,26.9,26,0.10677618069815195,1.3371481921709005e-08
279,/GDAX129500F0.EX,2020-05-11,2020-06-19,CALL,12950.0,1.1,27.16,27,0.10677618069815195,0.0
272,/GDAX127500R0.EX,2020-03-19,2020-06-19,PUT ,12750.0,2436.3,27.19,27,0.2518822724161533,10475.290356482325
199,/GDAX109500F0.EX,2020-05-15,2020-06-19,CALL,10950.0,138.9,27.27,27,0.09582477754962354,3.9789199490769533e-08
200,/GDAX109500R0.EX,2020-05-12,2020-06-19,PUT ,10950.0,772.3,27.28,27,0.10403832991101986,10234.809395999515
281,/GDAX130000F0.EX,2020-05-15,2020-06-19,CALL,13000.0,1.0,27.4,27,0.09582477754962354,0.0
274,/GDAX128000R0.EX,2020-04-29,2020-06-19,PUT ,12800.0,2486.3,27.51,27,0.13963039014373715,10403.376123440696
283,/GDAX130500F0.EX,2020-05-11,2020-06-19,CALL,13050.0,1.0,27.63,27,0.10677618069815195,0.0
197,/GDAX109000F0.EX,2020-05-15,2020-06-19,CALL,10900.0,155.3,27.65,27,0.09582477754962354,0.0
198,/GDAX109000R0.EX,2020-05-14,2020-06-19,PUT ,10900.0,738.7,27.65,27,0.09856262833675565,10215.14921252259
276,/GDAX128500R0.EX,2020-04-21,2020-06-19,PUT ,12850.0,2536.2,27.83,27,0.16153319644079397,10418.00532781448
285,/GDAX131000F0.EX,2020-05-11,2020-06-19,CALL,13100.0,0.9,27.84,27,0.10677618069815195,0.0
287,/GDAX131500F0.EX,2020-04-28,2020-06-19,CALL,13150.0,0.9,28.04,28,0.14236824093086928,0.0
196,/GDAX108500R0.EX,2020-05-14,2020-06-19,PUT ,10850.0,706.4,28.05,28,0.09856262833675565,10197.20219675667
195,/GDAX108500F0.EX,2020-05-15,2020-06-19,CALL,10850.0,172.9,28.05,28,0.09582477754962354,4.6838977141305804e-11
278,/GDAX129000R0.EX,2020-05-05,2020-06-19,PUT ,12900.0,2586.2,28.14,28,0.12320328542094455,10393.511384637019
289,/GDAX132000F0.EX,2020-05-11,2020-06-19,CALL,13200.0,0.8,28.21,28,0.10677618069815195,5.056031482375545e-09
280,/GDAX129500R0.EX,2020-05-06,2020-06-19,PUT ,12950.0,2636.1,28.43,28,0.12046543463381246,10392.136753692885
194,/GDAX108000R0.EX,2020-05-15,2020-06-19,PUT ,10800.0,675.0,28.44,28,0.09582477754962354,10176.869540329626
193,/GDAX108000F0.EX,2020-05-15,2020-06-19,CALL,10800.0,191.6,28.44,28,0.09582477754962354,2.4178280000342056e-07
291,/GDAX132500F0.EX,2020-04-21,2020-06-19,CALL,13250.0,0.8,28.61,28,0.16153319644079397,0.0
282,/GDAX130000R0.EX,2020-05-15,2020-06-19,PUT ,13000.0,2686.1,28.71,28,0.09582477754962354,10376.33555780418
293,/GDAX133000F0.EX,2020-05-11,2020-06-19,CALL,13300.0,0.7,28.76,28,0.10677618069815195,9.909715048550538e-09
191,/GDAX107500F0.EX,2020-05-15,2020-06-19,CALL,10750.0,211.8,28.86,28,0.09582477754962354,0.0
192,/GDAX107500R0.EX,2020-05-15,2020-06-19,PUT ,10750.0,645.1,28.87,28,0.09582477754962354,10156.52940356884
295,/GDAX133500F0.EX,2020-03-12,2020-06-19,CALL,13350.0,0.7,28.88,28,0.27104722792607805,0.0
284,/GDAX130500R0.EX,2020-05-05,2020-06-19,PUT ,13050.0,2736.1,29.13,29,0.12320328542094455,10394.538262295255
297,/GDAX134000F0.EX,2020-05-13,2020-06-19,CALL,13400.0,0.6,29.27,29,0.10130047912388775,1.3089289652157277e-09
190,/GDAX107000R0.EX,2020-05-15,2020-06-19,PUT ,10700.0,616.3,29.29,29,0.09582477754962354,10135.089266917073
189,/GDAX107000F0.EX,2020-05-15,2020-06-19,CALL,10700.0,233.0,29.29,29,0.09582477754962354,0.0
299,/GDAX134500F0.EX,2020-05-06,2020-06-19,CALL,13450.0,0.6,29.35,29,0.12046543463381246,1.1864536020311789e-09
286,/GDAX131000R0.EX,2020-05-15,2020-06-19,PUT ,13100.0,2786.0,29.4,29,0.09582477754962354,10376.91583132575
301,/GDAX135000F0.EX,2020-05-11,2020-06-19,CALL,13500.0,0.6,29.4,29,0.10677618069815195,0.0
188,/GDAX106500R0.EX,2020-05-15,2020-06-19,PUT ,10650.0,588.9,29.73,29,0.09582477754962354,10112.249130089811
187,/GDAX106500F0.EX,2020-05-15,2020-06-19,CALL,10650.0,255.7,29.74,29,0.09582477754962354,2.465295665388112e-07
303,/GDAX135500F0.EX,2020-04-15,2020-06-19,CALL,13550.0,0.6,29.78,29,0.17796030116358658,7.3044740256378304e-09
288,/GDAX131500R0.EX,2020-04-30,2020-06-19,PUT ,13150.0,2836.0,29.8,29,0.13689253935660506,10404.315580256423
307,/GDAX136500F0.EX,2020-05-11,2020-06-19,CALL,13650.0,0.5,30.15,30,0.10677618069815195,0.0
305,/GDAX136000F0.EX,2020-05-15,2020-06-19,CALL,13600.0,0.5,30.16,30,0.09582477754962354,0.0
185,/GDAX106000F0.EX,2020-05-15,2020-06-19,CALL,10600.0,279.4,30.19,30,0.09582477754962354,9.964941227735835e-08
186,/GDAX106000R0.EX,2020-05-15,2020-06-19,PUT ,10600.0,562.6,30.19,30,0.09582477754962354,10088.308993286484
290,/GDAX132000R0.EX,2020-05-15,2020-06-19,PUT ,13200.0,2886.0,30.21,30,0.09582477754962354,10377.396106754157
292,/GDAX132500R0.EX,2020-05-05,2020-06-19,PUT ,13250.0,2936.0,30.45,30,0.12320328542094455,10395.874096623293
311,/GDAX137500F0.EX,2020-03-24,2020-06-19,CALL,13750.0,0.5,30.45,30,0.23819301848049282,0.0
309,/GDAX137000F0.EX,2020-05-11,2020-06-19,CALL,13700.0,0.5,30.52,30,0.10677618069815195,0.0
184,/GDAX105500R0.EX,2020-05-15,2020-06-19,PUT ,10550.0,537.6,30.67,30,0.09582477754962354,10063.068856581278
183,/GDAX105500F0.EX,2020-05-15,2020-06-19,CALL,10550.0,304.4,30.68,30,0.09582477754962354,0.0
313,/GDAX138000F0.EX,2020-05-15,2020-06-19,CALL,13800.0,0.4,30.82,30,0.09582477754962354,0.0
294,/GDAX133000R0.EX,2020-04-21,2020-06-19,PUT ,13300.0,2986.0,30.85,30,0.16153319644079397,10421.854541573291
317,/GDAX139000F0.EX,2020-05-14,2020-06-19,CALL,13900.0,0.4,31.03,31,0.09856262833675565,1.034398067201181e-09
182,/GDAX105000R0.EX,2020-05-15,2020-06-19,PUT ,10500.0,513.6,31.14,31,0.09582477754962354,10036.828720038613
181,/GDAX105000F0.EX,2020-05-15,2020-06-19,CALL,10500.0,330.5,31.16,31,0.09582477754962354,0.0
315,/GDAX138500F0.EX,2020-04-27,2020-06-19,CALL,13850.0,0.4,31.18,31,0.14510609171800137,0.0
296,/GDAX133500R0.EX,2020-05-06,2020-06-19,PUT ,13350.0,3036.0,31.24,31,0.12046543463381246,10394.653332601956
319,/GDAX139500F0.EX,2020-03-06,2020-06-19,CALL,13950.0,0.4,31.38,31,0.2874743326488706,0.0
298,/GDAX134000R0.EX,2020-05-13,2020-06-19,PUT ,13400.0,3086.0,31.46,31,0.10130047912388775,10382.043496514714
180,/GDAX104500R0.EX,2020-05-15,2020-06-19,PUT ,10450.0,490.6,31.61,31,0.09582477754962354,10009.588583004128
179,/GDAX104500F0.EX,2020-05-15,2020-06-19,CALL,10450.0,357.4,31.62,31,0.09582477754962354,3.9319638744927943e-07
321,/GDAX140000F0.EX,2020-05-15,2020-06-19,CALL,14000.0,0.4,31.73,31,0.09582477754962354,1.72918177554493e-08
325,/GDAX141000F0.EX,2020-05-11,2020-06-19,CALL,14100.0,0.3,31.81,31,0.10677618069815195,7.626209608257994e-09
300,/GDAX134500R0.EX,2020-04-17,2020-06-19,PUT ,13450.0,3136.0,31.84,31,0.17248459958932238,10430.49752192275
323,/GDAX140500F0.EX,2020-03-13,2020-06-19,CALL,14050.0,0.3,32.08,32,0.2683093771389459,1.2327841636405878e-08
178,/GDAX104000R0.EX,2020-05-15,2020-06-19,PUT ,10400.0,468.6,32.09,32,0.09582477754962354,9981.348446243343
177,/GDAX104000F0.EX,2020-05-15,2020-06-19,CALL,10400.0,385.5,32.11,32,0.09582477754962354,0.0
327,/GDAX141500F0.EX,2020-03-17,2020-06-19,CALL,14150.0,0.3,32.15,32,0.25735797399041754,0.0
302,/GDAX135000R0.EX,2020-05-13,2020-06-19,PUT ,13500.0,3186.0,32.22,32,0.10130047912388775,10382.551283802139
329,/GDAX142000F0.EX,2020-05-11,2020-06-19,CALL,14200.0,0.3,32.49,32,0.10677618069815195,1.341286243183859e-08
176,/GDAX103500R0.EX,2020-05-15,2020-06-19,PUT ,10350.0,447.6,32.56,32,0.09582477754962354,9952.108309690451
175,/GDAX103500F0.EX,2020-05-14,2020-06-19,CALL,10350.0,414.5,32.57,32,0.09856262833675565,0.0
304,/GDAX135500R0.EX,2020-05-06,2020-06-19,PUT ,13550.0,3236.0,32.6,32,0.12046543463381246,10395.861621867387
335,/GDAX143500F0.EX,2020-04-30,2020-06-19,CALL,14350.0,0.3,32.71,32,0.13689253935660506,0.0
331,/GDAX142500F0.EX,2020-05-08,2020-06-19,CALL,14250.0,0.3,32.82,32,0.11498973305954825,3.970604123271215e-09
306,/GDAX136000R0.EX,2020-03-24,2020-06-19,PUT ,13600.0,3286.0,32.97,32,0.23819301848049282,10476.93960352795
337,/GDAX144000F0.EX,2020-05-11,2020-06-19,CALL,14400.0,0.3,33.03,33,0.10677618069815195,0.0
174,/GDAX103000R0.EX,2020-05-15,2020-06-19,PUT ,10300.0,427.5,33.04,33,0.09582477754962354,9921.968172902882
173,/GDAX103000F0.EX,2020-05-15,2020-06-19,CALL,10300.0,444.5,33.06,33,0.09582477754962354,2.5266535885748453e-07
333,/GDAX143000F0.EX,2020-05-15,2020-06-19,CALL,14300.0,0.3,33.16,33,0.09582477754962354,0.0
308,/GDAX136500R0.EX,2020-02-13,2020-06-19,PUT ,13650.0,3336.0,33.34,33,0.34770704996577684,10553.384927790752
339,/GDAX144500F0.EX,2020-03-13,2020-06-19,CALL,14450.0,0.3,33.36,33,0.2683093771389459,0.0
172,/GDAX102500R0.EX,2020-05-15,2020-06-19,PUT ,10250.0,408.3,33.52,33,0.09582477754962354,9890.928035960987
171,/GDAX102500F0.EX,2020-05-15,2020-06-19,CALL,10250.0,475.4,33.53,33,0.09582477754962354,0.0
341,/GDAX145000F0.EX,2020-04-24,2020-06-19,CALL,14500.0,0.3,33.68,33,0.15331964407939766,8.547435981220985e-09
310,/GDAX137000R0.EX,2020-03-18,2020-06-19,PUT ,13700.0,3386.1,33.71,33,0.2546201232032854,10489.429749722749
170,/GDAX102000R0.EX,2020-05-15,2020-06-19,PUT ,10200.0,390.0,33.99,33,0.09582477754962354,9858.987899200201
343,/GDAX145500F0.EX,2020-03-12,2020-06-19,CALL,14550.0,0.2,34.0,34,0.27104722792607805,1.0775206921165292e-08
169,/GDAX102000F0.EX,2020-05-15,2020-06-19,CALL,10200.0,507.2,34.02,34,0.09582477754962354,0.0
312,/GDAX137500R0.EX,2020-04-01,2020-06-19,PUT ,13750.0,3436.1,34.08,34,0.216290212183436,10463.406488207354
345,/GDAX146000F0.EX,2020-04-16,2020-06-19,CALL,14600.0,0.2,34.32,34,0.17522245037645448,0.0
314,/GDAX138000R0.EX,2020-04-09,2020-06-19,PUT ,13800.0,3486.1,34.44,34,0.1943874058863792,10448.68124352855
168,/GDAX101500R0.EX,2020-05-14,2020-06-19,PUT ,10150.0,372.5,34.46,34,0.09856262833675565,9827.643990813669
353,/GDAX148000F0.EX,2020-04-02,2020-06-19,CALL,14800.0,0.2,34.49,34,0.2135523613963039,2.781758573489057e-09
167,/GDAX101500F0.EX,2020-05-14,2020-06-19,CALL,10150.0,539.7,34.49,34,0.09856262833675565,0.0
347,/GDAX146500F0.EX,2020-04-24,2020-06-19,CALL,14650.0,0.2,34.64,34,0.15331964407939766,0.0
355,/GDAX148500F0.EX,2020-03-24,2020-06-19,CALL,14850.0,0.2,34.79,34,0.23819301848049282,4.963952471292998e-09
316,/GDAX138500R0.EX,2020-03-09,2020-06-19,PUT ,13850.0,3536.1,34.8,34,0.2792607802874743,10508.644539103601
166,/GDAX101000R0.EX,2020-05-15,2020-06-19,PUT ,10100.0,355.9,34.94,34,0.09582477754962354,9792.60762588369
349,/GDAX147000F0.EX,2020-04-16,2020-06-19,CALL,14700.0,0.2,34.96,34,0.17522245037645448,0.0
165,/GDAX101000F0.EX,2020-05-15,2020-06-19,CALL,10100.0,573.1,34.97,34,0.09582477754962354,0.0
357,/GDAX149000F0.EX,2020-04-20,2020-06-19,CALL,14900.0,0.2,35.09,35,0.16427104722792607,2.61366344123104e-08
318,/GDAX139000R0.EX,2020-05-13,2020-06-19,PUT ,13900.0,3586.1,35.16,35,0.10130047912388775,10384.482436353415
351,/GDAX147500F0.EX,2020-03-17,2020-06-19,CALL,14750.0,0.2,35.27,35,0.25735797399041754,3.3577397251516317e-09
359,/GDAX149500F0.EX,2020-03-27,2020-06-19,CALL,14950.0,0.2,35.4,35,0.2299794661190965,1.7147668285311113e-09
164,/GDAX100500R0.EX,2020-05-15,2020-06-19,PUT ,10050.0,340.1,35.42,35,0.09582477754962354,9758.167488917845
163,/GDAX100500F0.EX,2020-04-03,2020-06-19,CALL,10050.0,607.2,35.45,35,0.2108145106091718,0.0
320,/GDAX139500R0.EX,2020-03-09,2020-06-19,PUT ,13950.0,3636.1,35.52,35,0.2792607802874743,10510.05063824117
361,/GDAX150000F0.EX,2020-04-23,2020-06-19,CALL,15000.0,0.2,35.7,35,0.15605749486652978,4.975045653221599e-09
322,/GDAX140000R0.EX,2020-04-24,2020-06-19,PUT ,14000.0,3686.2,35.87,35,0.15331964407939766,10421.536175042871
162,/GDAX100000R0.EX,2020-05-15,2020-06-19,PUT ,10000.0,324.7,35.89,35,0.09582477754962354,9723.327352157059
161,/GDAX100000F0.EX,2020-05-15,2020-06-19,CALL,10000.0,642.0,35.92,35,0.09582477754962354,0.0
324,/GDAX140500R0.EX,2020-05-15,2020-06-19,PUT ,14050.0,3736.2,36.22,36,0.09582477754962354,10381.278429780672
160,/GDAX99500R0.EX,2020-05-15,2020-06-19,PUT ,9950.0,310.1,36.37,36,0.09582477754962354,9687.687215858283
159,/GDAX99500F0.EX,2020-05-13,2020-06-19,CALL,9950.0,677.5,36.4,36,0.10130047912388775,0.0
326,/GDAX141000R0.EX,2020-03-04,2020-06-19,PUT ,14100.0,3786.2,36.56,36,0.2929500342231348,10521.849758996777
158,/GDAX99000R0.EX,2020-05-15,2020-06-19,PUT ,9900.0,296.3,36.84,36,0.09582477754962354,9651.247078685465
157,/GDAX99000F0.EX,2020-05-15,2020-06-19,CALL,9900.0,713.7,36.87,36,0.09582477754962354,0.0
328,/GDAX141500R0.EX,2020-05-15,2020-06-19,PUT ,14150.0,3836.2,37.13,37,0.09582477754962354,10381.758703302243
156,/GDAX98500R0.EX,2020-05-15,2020-06-19,PUT ,9850.0,283.1,37.31,37,0.09582477754962354,9614.206941874705
155,/GDAX98500F0.EX,2020-05-14,2020-06-19,CALL,9850.0,750.4,37.36,37,0.09856262833675565,0.0
330,/GDAX142000R0.EX,2020-05-15,2020-06-19,PUT ,14200.0,3886.3,37.47,37,0.09582477754962354,10381.898840063026
154,/GDAX98000R0.EX,2020-05-15,2020-06-19,PUT ,9800.0,270.3,37.79,37,0.09582477754962354,9576.76680511392
332,/GDAX142500R0.EX,2019-11-20,2020-06-19,PUT ,14250.0,3936.3,37.81,37,0.5804243668720055,10733.311733169785
153,/GDAX98000F0.EX,2020-05-14,2020-06-19,CALL,9800.0,787.8,37.83,37,0.09856262833675565,5.410777248471277e-08
334,/GDAX143000R0.EX,2020-03-05,2020-06-19,PUT ,14300.0,3986.3,38.15,38,0.29021218343600275,10522.714507616038
152,/GDAX97500R0.EX,2020-05-15,2020-06-19,PUT ,9750.0,258.4,38.26,38,0.09582477754962354,9538.426668716917
151,/GDAX97500F0.EX,2020-05-15,2020-06-19,CALL,9750.0,825.8,38.3,38,0.09582477754962354,1.1185966286575422e-07
336,/GDAX143500R0.EX,2020-05-15,2020-06-19,PUT ,14350.0,4036.4,38.49,38,0.09582477754962354,10382.519250345382
363,/GDAX155000F0.EX,2020-04-17,2020-06-19,CALL,15500.0,0.2,38.64,38,0.17248459958932238,1.778508185168448e-08
150,/GDAX97000R0.EX,2020-05-15,2020-06-19,PUT ,9700.0,246.7,38.74,38,0.09582477754962354,9499.886531633092
149,/GDAX97000F0.EX,2020-05-14,2020-06-19,CALL,9700.0,864.3,38.77,38,0.09856262833675565,0.0
338,/GDAX144000R0.EX,2020-02-14,2020-06-19,PUT ,14400.0,4086.4,39.05,39,0.34496919917864477,10564.132259958658
148,/GDAX96500R0.EX,2020-05-15,2020-06-19,PUT ,9650.0,235.7,39.22,39,0.09582477754962354,9460.646394831563
147,/GDAX96500F0.EX,2020-04-02,2020-06-19,CALL,9650.0,903.3,39.27,39,0.2135523613963039,1.903026713989675e-07
340,/GDAX144500R0.EX,2020-05-15,2020-06-19,PUT ,14450.0,4136.4,39.38,39,0.09582477754962354,10382.9995272563
365,/GDAX160000F0.EX,2020-03-20,2020-06-19,CALL,16000.0,0.1,39.5,39,0.24914442162902123,0.0
146,/GDAX96000R0.EX,2020-05-15,2020-06-19,PUT ,9600.0,225.3,39.69,39,0.09582477754962354,9420.80625807078
342,/GDAX145000R0.EX,2020-02-21,2020-06-19,PUT ,14500.0,4186.4,39.72,39,0.3258042436687201,10551.742507071733
145,/GDAX96000F0.EX,2020-05-14,2020-06-19,CALL,9600.0,942.9,39.74,39,0.09856262833675565,1.0920017530224868e-06
344,/GDAX145500R0.EX,2020-05-15,2020-06-19,PUT ,14550.0,4236.5,40.05,40,0.09582477754962354,10383.379797388523
144,/GDAX95500R0.EX,2020-05-13,2020-06-19,PUT ,9550.0,215.3,40.16,40,0.10130047912388775,9383.193685948921
143,/GDAX95500F0.EX,2020-04-14,2020-06-19,CALL,9550.0,982.9,40.22,40,0.1806981519507187,0.0
346,/GDAX146000R0.EX,2020-03-12,2020-06-19,PUT ,14600.0,4286.5,40.6,40,0.27104722792607805,10512.71131925462
142,/GDAX95000R0.EX,2020-05-15,2020-06-19,PUT ,9500.0,205.7,40.63,40,0.09582477754962354,9339.925985296006
141,/GDAX95000F0.EX,2020-05-15,2020-06-19,CALL,9500.0,1023.3,40.69,40,0.09582477754962354,3.685374849737855e-08
348,/GDAX146500R0.EX,2020-01-20,2020-06-19,PUT ,14650.0,4336.5,40.93,40,0.4134154688569473,10619.478340602724
140,/GDAX94500R0.EX,2020-05-14,2020-06-19,PUT ,9450.0,196.6,41.12,41,0.09856262833675565,9300.085784256602
139,/GDAX94500F0.EX,2020-05-15,2020-06-19,CALL,9450.0,1064.2,41.18,41,0.09582477754962354,0.0
350,/GDAX147000R0.EX,2020-05-15,2020-06-19,PUT ,14700.0,4386.6,41.25,41,0.09582477754962354,10384.000215763652
138,/GDAX94000R0.EX,2020-05-15,2020-06-19,PUT ,9400.0,187.8,41.58,41,0.09582477754962354,9257.345711027638
352,/GDAX147500R0.EX,2020-05-15,2020-06-19,PUT ,14750.0,4436.6,41.58,41,0.09582477754962354,10384.240344872938
137,/GDAX94000F0.EX,2020-05-15,2020-06-19,CALL,9400.0,1105.5,41.65,41,0.09582477754962354,0.0
136,/GDAX93500R0.EX,2020-05-15,2020-06-19,PUT ,9350.0,179.5,42.06,42,0.09582477754962354,9215.405574266852
367,/GDAX165000F0.EX,2020-02-12,2020-06-19,CALL,16500.0,0.1,42.11,42,0.35044490075290896,7.530418649759341e-10
354,/GDAX148000R0.EX,2020-05-12,2020-06-19,PUT ,14800.0,4486.6,42.13,42,0.10403832991101986,10390.588955323543
135,/GDAX93500F0.EX,2020-04-15,2020-06-19,CALL,9350.0,1147.1,42.14,42,0.17796030116358658,3.920534254575614e-06
356,/GDAX148500R0.EX,2020-05-15,2020-06-19,PUT ,14850.0,4536.7,42.45,42,0.09582477754962354,10384.620617953235
134,/GDAX93000R0.EX,2020-05-15,2020-06-19,PUT ,9300.0,171.5,42.53,42,0.09582477754962354,9173.165437627551
133,/GDAX93000F0.EX,2020-05-12,2020-06-19,CALL,9300.0,1189.3,42.6,42,0.10403832991101986,0.0
358,/GDAX149000R0.EX,2020-01-15,2020-06-19,PUT ,14900.0,4586.7,42.77,42,0.4271047227926078,10634.914876792212
132,/GDAX92500R0.EX,2020-05-15,2020-06-19,PUT ,9250.0,163.9,43.0,43,0.09582477754962354,9130.52530093639
131,/GDAX92500F0.EX,2020-03-24,2020-06-19,CALL,9250.0,1231.7,43.07,43,0.23819301848049282,0.0
360,/GDAX149500R0.EX,2020-05-15,2020-06-19,PUT ,14950.0,4636.7,43.32,43,0.09582477754962354,10385.100897312135
130,/GDAX92000R0.EX,2020-05-15,2020-06-19,PUT ,9200.0,156.6,43.45,43,0.09582477754962354,9087.585163984495
129,/GDAX92000F0.EX,2020-05-14,2020-06-19,CALL,9200.0,1274.5,43.55,43,0.09856262833675565,2.485588538547745e-06
362,/GDAX150000R0.EX,2020-04-20,2020-06-19,PUT ,15000.0,4686.8,43.64,43,0.16427104722792607,10436.910641988174
128,/GDAX91500R0.EX,2020-05-15,2020-06-19,PUT ,9150.0,149.7,43.92,43,0.09582477754962354,9044.24502722371
127,/GDAX91500F0.EX,2020-05-15,2020-06-19,CALL,9150.0,1317.6,44.02,44,0.09582477754962354,3.6519775221677264e-06
126,/GDAX91000R0.EX,2020-05-15,2020-06-19,PUT ,9100.0,143.1,44.39,44,0.09582477754962354,9000.604890462924
125,/GDAX91000F0.EX,2020-05-13,2020-06-19,CALL,9100.0,1361.0,44.49,44,0.10130047912388775,0.0
369,/GDAX170000F0.EX,2020-03-02,2020-06-19,CALL,17000.0,0.1,44.63,44,0.29842573579739906,1.2541281207978372e-09
124,/GDAX90500R0.EX,2020-05-15,2020-06-19,PUT ,9050.0,136.7,44.85,44,0.09582477754962354,8956.764753822908
123,/GDAX90500F0.EX,2020-04-17,2020-06-19,CALL,9050.0,1404.7,44.95,44,0.17248459958932238,0.0
122,/GDAX90000R0.EX,2020-05-15,2020-06-19,PUT ,9000.0,130.7,45.32,45,0.09582477754962354,8912.524617139545
121,/GDAX90000F0.EX,2020-05-15,2020-06-19,CALL,9000.0,1448.7,45.42,45,0.09582477754962354,0.0
120,/GDAX89500R0.EX,2020-05-06,2020-06-19,PUT ,8950.0,124.9,45.79,45,0.12046543463381246,8879.17096069454
119,/GDAX89500F0.EX,2020-04-06,2020-06-19,CALL,8950.0,1492.9,45.91,45,0.2026009582477755,3.053069121961016e-06
118,/GDAX89000R0.EX,2020-05-15,2020-06-19,PUT ,8900.0,119.3,46.25,46,0.09582477754962354,8823.444343419786
117,/GDAX89000F0.EX,2020-05-15,2020-06-19,CALL,8900.0,1537.4,46.39,46,0.09582477754962354,0.0
116,/GDAX88500R0.EX,2020-05-15,2020-06-19,PUT ,8850.0,113.9,46.73,46,0.09582477754962354,8778.604206659
115,/GDAX88500F0.EX,2020-03-23,2020-06-19,CALL,8850.0,1582.0,46.87,46,0.24093086926762491,0.0
371,/GDAX175000F0.EX,2019-05-14,2020-06-19,CALL,17500.0,0.1,47.07,47,1.1006160164271048,0.0
114,/GDAX88000R0.EX,2020-05-15,2020-06-19,PUT ,8800.0,108.8,47.21,47,0.09582477754962354,8733.464137374349
113,/GDAX88000F0.EX,2020-03-24,2020-06-19,CALL,8800.0,1626.9,47.35,47,0.23819301848049282,1.0390422175987624e-06
364,/GDAX155000R0.EX,2020-05-04,2020-06-19,PUT ,15500.0,5187.1,47.43,47,0.12594113620807665,10410.81233688273
112,/GDAX87500R0.EX,2020-05-15,2020-06-19,PUT ,8750.0,103.8,47.69,47,0.09582477754962354,8688.223933202109
111,/GDAX87500F0.EX,2020-05-15,2020-06-19,CALL,8750.0,1672.0,47.83,47,0.09582477754962354,0.0
110,/GDAX87000R0.EX,2020-05-15,2020-06-19,PUT ,8700.0,99.1,48.16,48,0.09582477754962354,8642.683796895624
109,/GDAX87000F0.EX,2020-04-30,2020-06-19,CALL,8700.0,1717.3,48.32,48,0.13689253935660506,0.0
108,/GDAX86500R0.EX,2020-05-15,2020-06-19,PUT ,8650.0,94.6,48.65,48,0.09582477754962354,8596.943659615858
107,/GDAX86500F0.EX,2020-05-15,2020-06-19,CALL,8650.0,1762.8,48.81,48,0.09582477754962354,0.0
106,/GDAX86000R0.EX,2020-05-15,2020-06-19,PUT ,8600.0,90.3,49.13,49,0.09582477754962354,8551.003522855073
105,/GDAX86000F0.EX,2020-03-30,2020-06-19,CALL,8600.0,1808.6,49.29,49,0.22176591375770022,0.0
373,/GDAX180000F0.EX,2020-02-27,2020-06-19,CALL,18000.0,0.1,49.42,49,0.30937713894592744,1.6853337198030616e-09
104,/GDAX85500R0.EX,2020-05-15,2020-06-19,PUT ,8550.0,86.1,49.62,49,0.09582477754962354,8504.963386232992
103,/GDAX85500F0.EX,2020-05-15,2020-06-19,CALL,8550.0,1854.5,49.81,49,0.09582477754962354,5.173976660444168e-07
102,/GDAX85000R0.EX,2020-05-15,2020-06-19,PUT ,8500.0,82.2,50.1,50,0.09582477754962354,8458.623249340899
101,/GDAX85000F0.EX,2020-05-04,2020-06-19,CALL,8500.0,1900.6,50.29,50,0.12594113620807665,0.0
100,/GDAX84500R0.EX,2020-05-15,2020-06-19,PUT ,8450.0,78.5,50.59,50,0.09582477754962354,8412.083112572716
99,/GDAX84500F0.EX,2020-05-15,2020-06-19,CALL,8450.0,1946.9,50.81,50,0.09582477754962354,0.0
98,/GDAX84000R0.EX,2020-05-15,2020-06-19,PUT ,8400.0,74.9,51.08,51,0.09582477754962354,8365.442975811931
366,/GDAX160000R0.EX,2020-02-28,2020-06-19,PUT ,16000.0,5687.5,51.09,51,0.3066392881587953,10559.701631397002
97,/GDAX84000F0.EX,2020-05-11,2020-06-19,CALL,8400.0,1993.4,51.3,51,0.10677618069815195,0.0
96,/GDAX83500R0.EX,2020-05-14,2020-06-19,PUT ,8350.0,71.5,51.57,51,0.09856262833675565,8319.751460223728
375,/GDAX185000F0.EX,2020-02-28,2020-06-19,CALL,18500.0,0.1,51.7,51,0.3066392881587953,1.2154474371417479e-09
95,/GDAX83500F0.EX,2020-03-27,2020-06-19,CALL,8350.0,2040.0,51.81,51,0.2299794661190965,0.0
94,/GDAX83000R0.EX,2020-05-15,2020-06-19,PUT ,8300.0,68.2,52.07,52,0.09582477754962354,8271.662702324886
93,/GDAX83000F0.EX,2020-03-19,2020-06-19,CALL,8300.0,2086.8,52.32,52,0.2518822724161533,5.542169674299657e-07
92,/GDAX82500R0.EX,2020-05-15,2020-06-19,PUT ,8250.0,65.1,52.55,52,0.09582477754962354,8224.522565529574
91,/GDAX82500F0.EX,2020-05-15,2020-06-19,CALL,8250.0,2133.7,52.81,52,0.09582477754962354,0.0
90,/GDAX82000R0.EX,2020-05-15,2020-06-19,PUT ,8200.0,62.2,53.05,53,0.09582477754962354,8177.18242876879
89,/GDAX82000F0.EX,2020-04-22,2020-06-19,CALL,8200.0,2180.8,53.31,53,0.15879534565366188,0.0
88,/GDAX81500R0.EX,2020-05-04,2020-06-19,PUT ,8150.0,59.4,53.52,53,0.12594113620807665,8142.082938378015
87,/GDAX81500F0.EX,2020-05-15,2020-06-19,CALL,8150.0,2228.1,53.82,53,0.09582477754962354,0.0
377,/GDAX190000F0.EX,2020-02-28,2020-06-19,CALL,19000.0,0.1,53.91,53,0.3066392881587953,1.5644761597322088e-09
86,/GDAX81000R0.EX,2020-05-14,2020-06-19,PUT ,8100.0,56.8,54.03,54,0.09856262833675565,8083.216386540569
85,/GDAX81000F0.EX,2020-04-22,2020-06-19,CALL,8100.0,2275.4,54.33,54,0.15879534565366188,1.2721511666313745e-07
84,/GDAX80500R0.EX,2020-05-14,2020-06-19,PUT ,8050.0,54.2,54.5,54,0.09856262833675565,8035.569371827549
83,/GDAX80500F0.EX,2020-05-15,2020-06-19,CALL,8050.0,2323.0,54.84,54,0.09582477754962354,1.9231265468988568e-09
368,/GDAX165000R0.EX,2020-05-15,2020-06-19,PUT ,16500.0,6187.8,54.88,54,0.09582477754962354,10391.44513105915
82,/GDAX80000R0.EX,2020-05-15,2020-06-19,PUT ,8000.0,51.8,55.01,55,0.09582477754962354,7986.621881725649
81,/GDAX80000F0.EX,2020-05-15,2020-06-19,CALL,8000.0,2370.6,55.36,55,0.09582477754962354,1.6826679711812176e-06
80,/GDAX79500R0.EX,2020-05-15,2020-06-19,PUT ,7950.0,49.6,55.5,55,0.09582477754962354,7938.581744964863
79,/GDAX79500F0.EX,2020-05-15,2020-06-19,CALL,7950.0,2418.4,55.86,55,0.09582477754962354,0.0
78,/GDAX79000R0.EX,2020-05-15,2020-06-19,PUT ,7900.0,47.4,55.99,55,0.09582477754962354,7890.541608204078
77,/GDAX79000F0.EX,2020-05-15,2020-06-19,CALL,7900.0,2466.2,56.39,56,0.09582477754962354,0.0
76,/GDAX78500R0.EX,2020-05-15,2020-06-19,PUT ,7850.0,45.3,56.46,56,0.09582477754962354,7842.401471443292
75,/GDAX78500F0.EX,2020-05-15,2020-06-19,CALL,7850.0,2514.2,56.9,56,0.09582477754962354,4.01431179852807e-06
74,/GDAX78000R0.EX,2020-05-15,2020-06-19,PUT ,7800.0,43.3,56.97,56,0.09582477754962354,7794.161334727632
73,/GDAX78000F0.EX,2020-04-14,2020-06-19,CALL,7800.0,2562.2,57.39,57,0.1806981519507187,0.0
72,/GDAX77500R0.EX,2020-05-15,2020-06-19,PUT ,7750.0,41.4,57.46,57,0.09582477754962354,7745.821197985768
71,/GDAX77500F0.EX,2020-05-15,2020-06-19,CALL,7750.0,2610.3,57.93,57,0.09582477754962354,0.0
70,/GDAX77000R0.EX,2020-05-15,2020-06-19,PUT ,7700.0,39.5,57.96,57,0.09582477754962354,7697.48106116799
69,/GDAX77000F0.EX,2020-05-15,2020-06-19,CALL,7700.0,2658.5,58.44,58,0.09582477754962354,4.6471814130200073e-07
68,/GDAX76500R0.EX,2020-05-14,2020-06-19,PUT ,7650.0,37.8,58.44,58,0.09856262833675565,7649.993253911055
370,/GDAX170000R0.EX,2020-05-15,2020-06-19,PUT ,17000.0,6688.2,58.55,58,0.09582477754962354,10393.446504980033
66,/GDAX76000R0.EX,2020-05-15,2020-06-19,PUT ,7600.0,36.1,58.93,58,0.09582477754962354,7600.400787639366
67,/GDAX76500F0.EX,2020-05-15,2020-06-19,CALL,7650.0,2706.8,58.97,58,0.09582477754962354,3.646802269940963e-06
64,/GDAX75500R0.EX,2020-05-14,2020-06-19,PUT ,7550.0,34.4,59.39,59,0.09856262833675565,7552.899224448166
65,/GDAX76000F0.EX,2020-03-16,2020-06-19,CALL,7600.0,2755.2,59.48,59,0.2600958247775496,1.6495696399942972e-06
62,/GDAX75000R0.EX,2020-05-15,2020-06-19,PUT ,7500.0,32.9,59.88,59,0.09582477754962354,7503.120514131194
63,/GDAX75500F0.EX,2020-05-15,2020-06-19,CALL,7550.0,2803.6,60.0,60,0.09582477754962354,0.0
61,/GDAX75000F0.EX,2020-05-15,2020-06-19,CALL,7500.0,2852.0,60.5,60,0.09582477754962354,3.0925953069527168e-06
60,/GDAX74000R0.EX,2020-05-14,2020-06-19,PUT ,7400.0,29.9,60.82,60,0.09856262833675565,7406.658180253831
59,/GDAX74000F0.EX,2020-03-19,2020-06-19,CALL,7400.0,2949.1,61.53,61,0.2518822724161533,1.59734872795525e-06
58,/GDAX73000R0.EX,2020-05-15,2020-06-19,PUT ,7300.0,27.2,61.71,61,0.09582477754962354,7307.859967080174
372,/GDAX175000R0.EX,2020-05-15,2020-06-19,PUT ,17500.0,7188.6,61.89,61,0.09582477754962354,10395.447866274857
57,/GDAX73000F0.EX,2020-05-15,2020-06-19,CALL,7300.0,3046.5,62.52,62,0.09582477754962354,1.705480372038437e-06
56,/GDAX72000R0.EX,2020-05-14,2020-06-19,PUT ,7200.0,24.7,62.59,62,0.09856262833675565,7210.87012134322
55,/GDAX72000F0.EX,2020-04-30,2020-06-19,CALL,7200.0,3144.1,63.46,63,0.13689253935660506,1.6414014680776745e-07
54,/GDAX70000R0.EX,2020-05-15,2020-06-19,PUT ,7000.0,20.3,64.4,64,0.09582477754962354,7013.319146521647
52,/GDAX69000R0.EX,2020-05-15,2020-06-19,PUT ,6900.0,18.4,65.28,65,0.09582477754962354,6914.738872988372
374,/GDAX180000R0.EX,2019-07-18,2020-06-19,PUT ,18000.0,7689.0,65.37,65,0.9226557152635181,11160.842245855261
53,/GDAX70000F0.EX,2020-05-15,2020-06-19,CALL,7000.0,3339.8,65.46,65,0.09582477754962354,1.4800111785007175e-06
50,/GDAX68000R0.EX,2020-05-15,2020-06-19,PUT ,6800.0,16.6,66.2,66,0.09582477754962354,6816.058599466801
51,/GDAX69000F0.EX,2020-05-15,2020-06-19,CALL,6900.0,3438.0,66.49,66,0.09582477754962354,0.0
48,/GDAX67000R0.EX,2020-05-11,2020-06-19,PUT ,6700.0,15.0,67.11,67,0.10677618069815195,6720.865675342755
49,/GDAX68000F0.EX,2020-04-08,2020-06-19,CALL,6800.0,3536.3,67.59,67,0.1971252566735113,5.0475159696361516e-06
46,/GDAX66000R0.EX,2020-05-06,2020-06-19,PUT ,6600.0,13.6,68.11,68,0.12046543463381246,6626.273557514742
376,/GDAX185000R0.EX,2020-05-15,2020-06-19,PUT ,18500.0,8189.4,68.53,68,0.09582477754962354,10399.450601490562
47,/GDAX67000F0.EX,2020-05-15,2020-06-19,CALL,6700.0,3634.8,68.69,68,0.09582477754962354,1.1881229511345737e-07
44,/GDAX65000R0.EX,2020-05-15,2020-06-19,PUT ,6500.0,12.3,69.12,69,0.09582477754962354,6518.91777890209
45,/GDAX66000F0.EX,2020-05-15,2020-06-19,CALL,6600.0,3733.4,69.89,69,0.09582477754962354,0.0
42,/GDAX64000R0.EX,2020-05-14,2020-06-19,PUT ,6400.0,11.1,70.15,70,0.09856262833675565,6420.517885632894
43,/GDAX65000F0.EX,2020-05-15,2020-06-19,CALL,6500.0,3832.2,71.03,71,0.09582477754962354,2.9443071980495006e-08
40,/GDAX63000R0.EX,2020-05-04,2020-06-19,PUT ,6300.0,10.0,71.09,71,0.12594113620807665,6329.796627250027
378,/GDAX190000R0.EX,2020-05-14,2020-06-19,PUT ,19000.0,8689.8,71.82,71,0.09856262833675565,10404.065597949026
38,/GDAX62000R0.EX,2020-05-04,2020-06-19,PUT ,6200.0,9.1,72.07,72,0.12594113620807665,6230.064934740702
41,/GDAX64000F0.EX,2020-03-18,2020-06-19,CALL,6400.0,3931.1,72.32,72,0.2546201232032854,0.0
36,/GDAX61000R0.EX,2020-05-15,2020-06-19,PUT ,6100.0,8.2,73.1,73,0.09582477754962354,6121.096684865031
39,/GDAX63000F0.EX,2020-05-15,2020-06-19,CALL,6300.0,4030.1,73.55,73,0.09582477754962354,0.0
34,/GDAX60000R0.EX,2020-05-15,2020-06-19,PUT ,6000.0,7.4,74.23,74,0.09582477754962354,6021.416411294237
37,/GDAX62000F0.EX,2020-05-15,2020-06-19,CALL,6200.0,4129.2,74.85,74,0.09582477754962354,8.003553375601768e-10
32,/GDAX58000R0.EX,2020-05-15,2020-06-19,PUT ,5800.0,6.0,76.2,76,0.09582477754962354,5821.855864297927
35,/GDAX61000F0.EX,2020-05-15,2020-06-19,CALL,6100.0,4228.4,76.23,76,0.09582477754962354,6.83940015733242e-10
33,/GDAX60000F0.EX,2020-05-15,2020-06-19,CALL,6000.0,4327.7,77.58,77,0.09582477754962354,0
30,/GDAX56000R0.EX,2020-05-14,2020-06-19,PUT ,5600.0,4.8,78.51,78,0.09856262833675565,5622.865649928001
28,/GDAX55000R0.EX,2020-05-14,2020-06-19,PUT ,5500.0,4.3,79.69,79,0.09856262833675565,5522.871620499662
31,/GDAX58000F0.EX,2020-05-15,2020-06-19,CALL,5800.0,4526.4,80.47,80,0.09582477754962354,5.293259164318442e-09
26,/GDAX52000R0.EX,2020-05-14,2020-06-19,PUT ,5200.0,3.1,83.06,83,0.09856262833675565,5222.589532089621
29,/GDAX56000F0.EX,2020-03-19,2020-06-19,CALL,5600.0,4725.4,83.6,83,0.2518822724161533,0.1371650190812943
27,/GDAX55000F0.EX,2020-04-08,2020-06-19,CALL,5500.0,4825.0,85.14,85,0.1971252566735113,0.28573170174968254
24,/GDAX49000R0.EX,2020-05-05,2020-06-19,PUT ,4900.0,2.2,86.42,86,0.12320328542094455,4928.07796780786
22,/GDAX48000R0.EX,2020-05-14,2020-06-19,PUT ,4800.0,2.0,87.27,87,0.09856262833675565,4821.71341424737
20,/GDAX47000R0.EX,2020-05-11,2020-06-19,PUT ,4700.0,1.7,88.72,88,0.10677618069815195,4723.459503610989
18,/GDAX46000R0.EX,2020-05-12,2020-06-19,PUT ,4600.0,1.5,90.13,90,0.10403832991101986,4622.491161809487
16,/GDAX45000R0.EX,2020-05-15,2020-06-19,PUT ,4500.0,1.3,90.41,90,0.09582477754962354,4520.312308470677
25,/GDAX52000F0.EX,2020-05-04,2020-06-19,CALL,5200.0,5124.0,90.57,90,0.12594113620807665,34.127959387593364
14,/GDAX44000R0.EX,2020-04-07,2020-06-19,PUT ,4400.0,1.2,92.7,92,0.1998631074606434,4442.9903162413475
12,/GDAX43000R0.EX,2020-04-27,2020-06-19,PUT ,4300.0,1.0,93.82,93,0.14510609171800137,4330.311258860051
10,/GDAX42000R0.EX,2020-04-27,2020-06-19,PUT ,4200.0,0.9,94.76,94,0.14510609171800137,4229.683089920769
8,/GDAX41000R0.EX,2020-04-27,2020-06-19,PUT ,4100.0,0.8,95.43,95,0.14510609171800137,4129.054921124125
23,/GDAX49000F0.EX,2020-05-15,2020-06-19,CALL,4900.0,5423.3,96.34,96,0.09582477754962354,499.8427488665884
6,/GDAX40000R0.EX,2020-04-27,2020-06-19,PUT ,4000.0,0.7,97.84,97,0.14510609171800137,4028.426752305494
21,/GDAX48000F0.EX,2020-05-15,2020-06-19,CALL,4800.0,5523.2,98.39,98,0.09582477754962354,700.1480745649787
19,/GDAX47000F0.EX,2020-05-15,2020-06-19,CALL,4700.0,5623.0,100.78,100,0.09582477754962354,900.4271551530474
4,/GDAX36000R0.EX,2020-05-14,2020-06-19,PUT ,3600.0,0.4,102.66,102,0.09856262833675565,3617.3850606649416
17,/GDAX46000F0.EX,2020-05-15,2020-06-19,CALL,4600.0,5722.9,102.89,102,0.09582477754962354,1100.8074180674012
15,/GDAX45000F0.EX,2020-03-16,2020-06-19,CALL,4500.0,5822.8,105.36,105,0.2600958247775496,1263.8989458993346
13,/GDAX44000F0.EX,2020-02-26,2020-06-19,CALL,4400.0,5922.7,107.54,107,0.31211498973305957,1453.4982143500074
11,/GDAX43000F0.EX,2020-05-15,2020-06-19,CALL,4300.0,6022.6,110.11,110,0.09582477754962354,1701.9482385725469
9,/GDAX42000F0.EX,2020-05-15,2020-06-19,CALL,4200.0,6122.6,112.74,112,0.09582477754962354,1902.4285120933273
7,/GDAX41000F0.EX,2020-05-15,2020-06-19,CALL,4100.0,6222.5,115.42,115,0.09582477754962354,2102.808785615418
5,/GDAX40000F0.EX,2020-03-09,2020-06-19,CALL,4000.0,6322.5,118.17,118,0.2792607802874743,2266.256089809982
3,/GDAX36000F0.EX,2020-03-17,2020-06-19,CALL,3600.0,6722.5,130.77,130,0.25735797399041754,3075.8762322168614
2,/GDAX20000R0.EX,2020-04-30,2020-06-19,PUT ,2000.0,0.1,150.5,150,0.13689253935660506,2013.6362099249316
1,/GDAX20000F0.EX,2020-05-15,2020-06-19,CALL,2000.0,8323.3,203.25,203,0.09582477754962354,6313.694525267987
