Unnamed: 0,Instrument,CF_DATE,EXPIR_DATE,PUTCALLIND,STRIKE_PRC,CF_CLOSE_x,IMP_VOLT,CF_CLOSE_y,DELTA,VEGA,THETA,GAMMA,DELTA_HEDGE,VEGA_HEDGE,THETA_HEDGE,GAMMA_HEDGE,Price_Change,Price_Change_Abs,Volatility_Change,SHADOW_DELTA_ADJUSTED,Shadow_Delta_Adjusted_Transaction_Value,Shadow_Delta_Adjusted_Daily_Buy_Transaction_Cost,Shadow_Delta_Adjusted_Daily_Sell_Transaction_Cost,Shadow_Delta_Adjusted_Total_Cost/Revenue,Adjusted_Shadow_Delta_Combined_Running_Balance
371,/GDAX175000F0.EX,2019-05-14,2020-06-19,CALL,17500.0,0.1,47.07,11991.62,,,0.0,,,,,,,,0.0,,,,,,
374,/GDAX180000R0.EX,2019-07-18,2020-06-19,PUT ,18000.0,7689.0,65.37,12227.85,0.0,0.0,0.0,0.0,0.0,0.0,0.0,0.0,236.2299999999996,236.2299999999996,18.300000000000004,289.0,-2222121.0,0.0,1666590.75,-3888711.75,10000.0
332,/GDAX142500R0.EX,2019-11-20,2020-06-19,PUT ,14250.0,3936.3,37.81,13158.14,0.0794575209232388,1.81492506139682e-06,-55.34543913854395,2.814464450070556e-07,73.91853713967976,0.0016884066353668,-51487.308576196,0.0002618268133256,930.289999999999,930.289999999999,-27.560000000000002,129.0,-507782.7,0.0,380837.025,-888619.7250000001,10000.0
358,/GDAX149000R0.EX,2020-01-15,2020-06-19,PUT ,14900.0,4586.7,42.77,13432.3,0.0072408263262064,0.0,0.0,3.5990948498079986e-07,1.985144945592765,0.0,0.0,9.867278440233605e-05,274.15999999999985,274.15999999999985,4.960000000000001,75.0,-344002.5,0.0,258001.875,-602004.375,10000.0
348,/GDAX146500R0.EX,2020-01-20,2020-06-19,PUT ,14650.0,4336.5,40.93,13548.94,0.060615129885599,0.0007125346907045,-55.430443254107786,-1.2708518836419068e-06,7.070148749856344,0.0831100463237817,-6465.406901159201,-0.0001482321637079,116.64000000000124,116.64000000000124,-1.8400000000000034,62.0,-268863.0,0.0,201647.25,-470510.25,10000.0
367,/GDAX165000F0.EX,2020-02-12,2020-06-19,CALL,16500.0,0.1,42.11,13749.78,0.0,0.0,0.0,0.0,0.0,0.0,0.0,0.0,200.84000000000012,200.84000000000012,1.1799999999999997,138.0,-13.8,0.0,10.350000000000001,-24.150000000000002,10000.0
308,/GDAX136500R0.EX,2020-02-13,2020-06-19,PUT ,13650.0,3336.0,33.34,13745.43,0.4752167872463182,0.1751758433907044,-305.8294608236906,3.010590469543911e-06,-2.067193024521657,-0.7620149187496281,1330.3581545831655,-1.3096068542517109e-05,-4.350000000000364,4.350000000000364,-8.769999999999996,0.0,0.0,0.0,0.0,0.0,10000.0
338,/GDAX144000R0.EX,2020-02-14,2020-06-19,PUT ,14400.0,4086.4,39.05,13744.21,0.0901318585784514,1.172674772577711,-125.69877992681177,-5.759246246233564e-08,-0.1099608674658156,-1.4306632225461724,153.3525115108567,7.026280420411652e-08,-1.2200000000011642,1.2200000000011642,5.709999999999994,25.0,-102160.0,0.0,76620.0,-178780.0,10000.0
342,/GDAX145000R0.EX,2020-02-21,2020-06-19,PUT ,14500.0,4186.4,39.72,13579.33,0.0641141077757091,0.0002762575395163,-77.42324620886461,-4.849494231045293e-07,-10.571134090058877,-0.0455493431154536,12765.544834917537,7.99584608814744e-05,-164.8799999999992,164.8799999999992,0.6700000000000017,35.0,-146524.0,0.0,109893.0,-256417.0,10000.0
13,/GDAX44000F0.EX,2020-02-26,2020-06-19,CALL,4400.0,5922.7,107.54,12774.88,1.0000000033711134,-1.4884907643370797e-07,3.8627287654555857,-1.1270031867953862e-14,-804.4500027118929,0.000119741639537,-3107.3721553707487,9.066177136175491e-12,-804.4500000000007,804.4500000000007,67.82000000000001,-1223.0,7243462.1,5432596.574999999,0.0,1810865.5250000004,1820865.5250000004
373,/GDAX180000F0.EX,2020-02-27,2020-06-19,CALL,18000.0,0.1,49.42,12367.46,0.0,0.0,0.0,0.0,-0.0,-0.0,-0.0,-0.0,-407.4200000000001,407.4200000000001,-58.120000000000005,282.0,-28.200000000000003,0.0,21.150000000000002,-49.35000000000001,1820865.5250000004
366,/GDAX160000R0.EX,2020-02-28,2020-06-19,PUT ,16000.0,5687.5,51.09,11890.35,0.0,0.0,0.0,0.0,-0.0,-0.0,-0.0,-0.0,-477.1099999999988,477.1099999999988,1.6700000000000017,205.0,-1165937.5,0.0,874453.125,-2040390.625,1820865.5250000004
377,/GDAX190000F0.EX,2020-02-28,2020-06-19,CALL,19000.0,0.1,53.91,11890.35,0.0,0.0,0.0,0.0,0.0,0.0,0.0,0.0,0.0,0.0,2.819999999999993,355.0,-35.5,0.0,26.625,-62.125,1820865.5250000004
375,/GDAX185000F0.EX,2020-02-28,2020-06-19,CALL,18500.0,0.1,51.7,11890.35,0.0,0.0,0.0,0.0,0.0,0.0,0.0,0.0,0.0,0.0,-2.2099999999999937,330.0,-33.0,0.0,24.75,-57.75,1820865.5250000004
369,/GDAX170000F0.EX,2020-03-02,2020-06-19,CALL,17000.0,0.1,44.63,11857.87,0.0,0.0,0.0,0.0,-0.0,-0.0,-0.0,-0.0,-32.47999999999956,32.47999999999956,-7.07,257.0,-25.700000000000003,0.0,19.275000000000002,-44.97500000000001,1820865.5250000004
326,/GDAX141000R0.EX,2020-03-04,2020-06-19,PUT ,14100.0,3786.2,36.56,12127.69,0.0,0.0,0.0,0.0,0.0,0.0,0.0,0.0,269.8199999999997,269.8199999999997,-8.07,99.0,-374833.8,0.0,281125.35,-655959.1499999999,1820865.5250000004
334,/GDAX143000R0.EX,2020-03-05,2020-06-19,PUT ,14300.0,3986.3,38.15,11944.72,0.0,0.0,0.0,0.0,-0.0,-0.0,-0.0,-0.0,-182.9700000000012,182.9700000000012,1.5899999999999963,118.0,-470383.4,0.0,352787.55000000005,-823170.9500000001,1820865.5250000004
319,/GDAX139500F0.EX,2020-03-06,2020-06-19,CALL,13950.0,0.4,31.38,11541.87,0.0,0.0,0.0,0.0,-0.0,-0.0,-0.0,-0.0,-402.84999999999854,402.84999999999854,-6.77,120.0,-48.0,0.0,36.0,-84.0,1820865.5250000004
316,/GDAX138500R0.EX,2020-03-09,2020-06-19,PUT ,13850.0,3536.1,34.8,10625.02,0.0,0.0,0.0,0.0,-0.0,-0.0,-0.0,-0.0,-916.8500000000004,916.8500000000004,3.419999999999998,161.0,-569312.1,0.0,426984.07499999995,-996296.1749999999,1820865.5250000004
320,/GDAX139500R0.EX,2020-03-09,2020-06-19,PUT ,13950.0,3636.1,35.52,10625.02,0.0,0.0,0.0,0.0,0.0,0.0,0.0,0.0,0.0,0.0,0.720000000000006,166.0,-603592.6,0.0,452694.44999999995,-1056287.0499999998,1820865.5250000004
5,/GDAX40000F0.EX,2020-03-09,2020-06-19,CALL,4000.0,6322.5,118.17,10625.02,0.9999999835599738,5.848614819115028e-05,3.620396259320046,0.0,0.0,0.0,0.0,0.0,0.0,0.0,82.65,-331.0,2092747.5,1569560.625,0.0,523186.875,2344052.4000000004
252,/GDAX122500R0.EX,2020-03-11,2020-06-19,PUT ,12250.0,1938.1,24.4,10438.68,0.0,0.0,0.0,0.0,-0.0,-0.0,-0.0,-0.0,-186.34000000000012,186.34000000000012,-93.77000000000001,91.0,-176367.1,0.0,132275.325,-308642.42500000005,2344052.4000000004
260,/GDAX124500R0.EX,2020-03-11,2020-06-19,PUT ,12450.0,2137.0,25.37,10438.68,0.0,0.0,0.0,0.0,0.0,0.0,0.0,0.0,0.0,0.0,0.9700000000000024,101.0,-215837.0,0.0,161877.75,-377714.75,2344052.4000000004
295,/GDAX133500F0.EX,2020-03-12,2020-06-19,CALL,13350.0,0.7,28.88,9161.13,0.0,0.0,0.0,0.0,-0.0,-0.0,-0.0,-0.0,-1277.550000000001,1277.550000000001,3.509999999999998,209.0,-146.29999999999998,0.0,109.725,-256.025,2344052.4000000004
248,/GDAX121500R0.EX,2020-03-12,2020-06-19,PUT ,12150.0,1839.0,24.0,9161.13,0.0,0.0,0.0,0.0,0.0,0.0,0.0,0.0,0.0,0.0,-4.879999999999999,149.0,-274011.0,0.0,205508.25,-479519.25,2344052.4000000004
343,/GDAX145500F0.EX,2020-03-12,2020-06-19,CALL,14550.0,0.2,34.0,9161.13,0.0,0.0,0.0,0.0,0.0,0.0,0.0,0.0,0.0,0.0,10.0,269.0,-53.800000000000004,0.0,40.35,-94.15,2344052.4000000004
346,/GDAX146000R0.EX,2020-03-12,2020-06-19,PUT ,14600.0,4286.5,40.6,9161.13,0.0,0.0,0.0,0.0,0.0,0.0,0.0,0.0,0.0,0.0,6.600000000000001,272.0,-1165928.0,0.0,874446.0,-2040374.0,2344052.4000000004
323,/GDAX140500F0.EX,2020-03-13,2020-06-19,CALL,14050.0,0.3,32.08,9232.08,0.0,0.0,0.0,0.0,0.0,0.0,0.0,0.0,70.95000000000073,70.95000000000073,-8.520000000000003,241.0,-72.3,0.0,54.224999999999994,-126.52499999999999,2344052.4000000004
339,/GDAX144500F0.EX,2020-03-13,2020-06-19,CALL,14450.0,0.3,33.36,9232.08,0.0,0.0,0.0,0.0,0.0,0.0,0.0,0.0,0.0,0.0,1.2800000000000011,261.0,-78.3,0.0,58.724999999999994,-137.02499999999998,2344052.4000000004
65,/GDAX76000F0.EX,2020-03-16,2020-06-19,CALL,7600.0,2755.2,59.48,8742.25,0.9999984399522068,-1.6141616251303573e-06,7.011974243161717,-1.0623146851360624e-08,-489.8292358417893,0.0007906647888376,-3434.675343527904,5.203536022201974e-06,-489.8299999999999,489.8299999999999,26.119999999999997,-547.0,1507094.4,1130320.7999999998,0.0,376773.6000000001,2720826.0000000005
15,/GDAX45000F0.EX,2020-03-16,2020-06-19,CALL,4500.0,5822.8,105.36,8742.25,1.0000000062518666,3.723857844306622e-05,4.151868514660691,-1.8189894035458565e-06,0.0,0.0,0.0,-0.0,0.0,0.0,45.88,-212.0,1234433.6,925825.2000000001,0.0,308608.4,3029434.4000000004
3,/GDAX36000F0.EX,2020-03-17,2020-06-19,CALL,3600.0,6722.5,130.77,8939.1,1.0000000030344758,3.9032525613430585e-08,3.3308193794185854,-2.565755037952637e-13,196.85000059733693,7.683552667003823e-06,655.6717948385498,-5.050688792209775e-11,196.8500000000004,196.8500000000004,25.41000000000001,-70.0,470575.0,352931.25,0.0,117643.75,3147078.1500000004
351,/GDAX147500F0.EX,2020-03-17,2020-06-19,CALL,14750.0,0.2,35.27,8939.1,0.0,0.0,0.0,0.0,0.0,0.0,0.0,0.0,0.0,0.0,-95.5,291.0,-58.2,0.0,43.650000000000006,-101.85000000000001,3147078.1500000004
327,/GDAX141500F0.EX,2020-03-17,2020-06-19,CALL,14150.0,0.3,32.15,8939.1,0.0,0.0,0.0,0.0,0.0,0.0,0.0,0.0,0.0,0.0,-3.1200000000000045,261.0,-78.3,0.0,58.724999999999994,-137.02499999999998,3147078.1500000004
310,/GDAX137000R0.EX,2020-03-18,2020-06-19,PUT ,13700.0,3386.1,33.71,8441.71,0.0,0.0,0.0,0.0,-0.0,-0.0,-0.0,-0.0,-497.3900000000013,497.3900000000013,1.5600000000000023,263.0,-890544.2999999999,0.0,667908.225,-1558452.525,3147078.1500000004
41,/GDAX64000F0.EX,2020-03-18,2020-06-19,CALL,6400.0,3931.1,72.32,8441.71,1.0000000527270458,-0.0002808099452522,5.938402777355691,3.637978807091713e-06,0.0,-0.0,0.0,0.0,0.0,0.0,38.60999999999999,-102.0,400972.2,300729.15,0.0,100243.04999999999,3247321.2
93,/GDAX83000F0.EX,2020-03-19,2020-06-19,CALL,8300.0,2086.8,52.32,8610.43,0.9826781818244223,-5.555303632735489e-06,6.546474612070824,-7.620523105443289e-06,165.7974628374177,-0.0009372908289151,1104.5211965485971,-0.0012857346583504,168.72000000000116,168.72000000000116,-19.999999999999993,150.0,-313020.0,0.0,234765.0,-547785.0,3247321.2
59,/GDAX74000F0.EX,2020-03-19,2020-06-19,CALL,7400.0,2949.1,61.53,8610.43,1.0000000148465915,-0.0001430919382983,6.885997099604424,-2.2737367544323206e-06,0.0,-0.0,0.0,-0.0,0.0,0.0,9.21,-61.0,179895.1,134921.325,0.0,44973.774999999994,3292294.975
29,/GDAX56000F0.EX,2020-03-19,2020-06-19,CALL,5600.0,4725.4,83.6,8610.43,1.0000000071158863,-0.0001018653620121,5.210973858747025,-4.547473508864641e-06,0.0,-0.0,0.0,-0.0,0.0,0.0,22.069999999999993,-151.0,713535.3999999999,535151.5499999999,0.0,178383.84999999998,3470678.825
272,/GDAX127500R0.EX,2020-03-19,2020-06-19,PUT ,12750.0,2436.3,27.19,8610.43,0.0,0.0,0.0,0.0,0.0,0.0,0.0,0.0,0.0,0.0,-56.41,207.0,-504314.10000000003,0.0,378235.575,-882549.675,3470678.825
365,/GDAX160000F0.EX,2020-03-20,2020-06-19,CALL,16000.0,0.1,39.5,8928.95,0.0,0.0,0.0,0.0,0.0,0.0,0.0,0.0,318.52000000000044,318.52000000000044,12.309999999999999,354.0,-35.4,0.0,26.549999999999997,-61.949999999999996,3470678.825
115,/GDAX88500F0.EX,2020-03-23,2020-06-19,CALL,8850.0,1582.0,46.87,8741.15,0.1872179947706802,0.0001020386510887,-176.06257241230105,8.116889391808356e-06,-35.15953941793396,-0.0191628586744627,33064.55109903033,-0.0015243518277816,-187.8000000000011,187.8000000000011,7.369999999999997,-30.0,47460.0,35595.0,0.0,11865.0,3482543.825
311,/GDAX137500F0.EX,2020-03-24,2020-06-19,CALL,13750.0,0.5,30.45,9700.57,0.0,0.0,0.0,0.0,0.0,0.0,0.0,0.0,959.42,959.42,-16.419999999999998,202.0,-101.0,0.0,75.75,-176.75,3482543.825
306,/GDAX136000R0.EX,2020-03-24,2020-06-19,PUT ,13600.0,3286.0,32.97,9700.57,0.0,0.0,0.0,0.0,0.0,0.0,0.0,0.0,0.0,0.0,2.5199999999999996,195.0,-640770.0,0.0,480577.5,-1121347.5,3482543.825
131,/GDAX92500F0.EX,2020-03-24,2020-06-19,CALL,9250.0,1231.7,43.07,9700.57,0.9997283296797832,-0.0199163828256132,8.473163154774284,1.8189894035458565e-06,0.0,-0.0,0.0,0.0,0.0,0.0,10.100000000000001,-23.0,28329.100000000002,21246.825,0.0,7082.2750000000015,3489626.1
113,/GDAX88000F0.EX,2020-03-24,2020-06-19,CALL,8800.0,1626.9,47.35,9700.57,0.9999966002396832,-0.0004212522981106,8.306449809217611,1.8189894035458565e-06,0.0,-0.0,0.0,0.0,0.0,0.0,4.280000000000001,-45.0,73210.5,54907.875,0.0,18302.625,3507928.725
355,/GDAX148500F0.EX,2020-03-24,2020-06-19,CALL,14850.0,0.2,34.79,9700.57,0.0,0.0,0.0,0.0,0.0,0.0,0.0,0.0,0.0,0.0,-12.560000000000002,257.0,-51.400000000000006,0.0,38.550000000000004,-89.95000000000002,3507928.725
359,/GDAX149500F0.EX,2020-03-27,2020-06-19,CALL,14950.0,0.2,35.4,9632.52,0.0,0.0,0.0,0.0,-0.0,-0.0,-0.0,-0.0,-68.04999999999927,68.04999999999927,0.6099999999999994,266.0,-53.2,0.0,39.900000000000006,-93.10000000000001,3507928.725
95,/GDAX83500F0.EX,2020-03-27,2020-06-19,CALL,8350.0,2040.0,51.81,9632.52,0.9999999305364328,0.0003922480573237,7.956534364096569,6.366462912410498e-06,0.0,0.0,0.0,0.0,0.0,0.0,16.410000000000004,-64.0,130560.0,97920.0,0.0,32640.0,3540568.725
105,/GDAX86000F0.EX,2020-03-30,2020-06-19,CALL,8600.0,1808.6,49.29,9815.97,0.999999888879048,-1.6258988936588103e-05,8.270883786712147,-2.3739195509966943e-11,183.44997961486024,-0.002982711520417,1517.2936306723343,-4.3549554163034096e-09,183.4499999999989,183.4499999999989,-2.520000000000003,123.0,-222457.8,0.0,166843.34999999998,-389301.14999999997,3540568.725
312,/GDAX137500R0.EX,2020-04-01,2020-06-19,PUT ,13750.0,3436.1,34.08,9544.75,0.0,0.0,0.0,0.0,-0.0,-0.0,-0.0,-0.0,-271.21999999999935,271.21999999999935,-15.21,210.0,-721581.0,0.0,541185.75,-1262766.75,3540568.725
147,/GDAX96500F0.EX,2020-04-02,2020-06-19,CALL,9650.0,903.3,39.27,9570.82,0.1228914690532133,0.0037088023801674,-216.97318099127392,2.062335870323416e-05,3.203780598217236,0.0966884780509644,-5656.490828442448,0.0005376509613933,26.06999999999971,26.06999999999971,5.190000000000005,8.0,-7226.4,0.0,5419.799999999999,-12646.199999999999,3540568.725
353,/GDAX148000F0.EX,2020-04-02,2020-06-19,CALL,14800.0,0.2,34.49,9570.82,0.0,0.0,0.0,0.0,0.0,0.0,0.0,0.0,0.0,0.0,-4.780000000000001,261.0,-52.2,0.0,39.150000000000006,-91.35000000000001,3540568.725
163,/GDAX100500F0.EX,2020-04-03,2020-06-19,CALL,10050.0,607.2,35.45,9525.77,0.0534711515220218,0.0013862180300418,-77.75126207925405,-7.52617027333473e-08,-2.4088753760670443,-0.0624491222533833,3502.694356670338,3.3905397081372405e-06,-45.04999999999927,45.04999999999927,0.9600000000000009,24.0,-14572.800000000001,0.0,10929.6,-25502.4,3540568.725
250,/GDAX122000R0.EX,2020-04-06,2020-06-19,PUT ,12200.0,1888.5,24.19,10075.17,0.0,0.0,0.0,0.0,0.0,0.0,0.0,0.0,549.3999999999996,549.3999999999996,-11.260000000000002,106.0,-200181.0,0.0,150135.75,-350316.75,3540568.725
119,/GDAX89500F0.EX,2020-04-06,2020-06-19,CALL,8950.0,1492.9,45.91,10075.17,1.0000002376727934,-0.0001818435521272,8.80311552530361,-9.094947017729282e-07,0.0,-0.0,0.0,-0.0,0.0,0.0,21.719999999999995,-56.0,83602.40000000001,62701.8,0.0,20900.600000000006,3561469.325
14,/GDAX44000R0.EX,2020-04-07,2020-06-19,PUT ,4400.0,1.2,92.7,10356.7,0.9999999934344888,-1.4331752576628395e-06,4.341758354712283,2.861546425963028e-13,281.5299981516123,-0.0004034818302898,1222.335229602152,8.056111653013729e-11,281.53000000000065,281.53000000000065,46.790000000000006,-16.0,19.2,14.399999999999999,0.0,4.800000000000001,3561474.125
27,/GDAX55000F0.EX,2020-04-08,2020-06-19,CALL,5500.0,4825.0,85.14,10332.89,1.0000000473609338,0.0001906874088577,5.4453169838300255,-1.1700907110263539e-10,-23.810001127665146,-0.0045402672049021,-129.65299738500005,2.785985982953901e-09,-23.81000000000131,23.81000000000131,-7.560000000000002,-265.0,1278625.0,958968.75,0.0,319656.25,3881130.375
49,/GDAX68000F0.EX,2020-04-08,2020-06-19,CALL,6800.0,3536.3,67.59,10332.89,0.9992922038236428,-0.0013119491086399,6.730252753958325,7.087669473548885,0.0,-0.0,0.0,0.0,0.0,0.0,-17.549999999999997,-177.0,625925.1,469443.82499999995,0.0,156481.27500000002,4037611.65
314,/GDAX138000R0.EX,2020-04-09,2020-06-19,PUT ,13800.0,3486.1,34.44,10564.74,0.0,0.0,0.0,0.0,0.0,0.0,0.0,0.0,231.8500000000004,231.8500000000004,-33.150000000000006,162.0,-564748.2,0.0,423561.14999999997,-988309.3499999999,4037611.65
143,/GDAX95500F0.EX,2020-04-14,2020-06-19,CALL,9550.0,982.9,40.22,10696.56,0.9999995482336832,0.0003193786602003,9.648565575530029,-5.263939509997038e-11,131.81994044816383,0.0421004949876078,1271.8739141663657,-6.93892506207808e-09,131.8199999999997,131.8199999999997,5.780000000000001,75.0,-73717.5,0.0,55288.125,-129005.625,4037611.65
73,/GDAX78000F0.EX,2020-04-14,2020-06-19,CALL,7800.0,2562.2,57.39,10696.56,0.9999999765568646,-1.5731666280771606e-05,7.88068083608357,1.0459189070388676e-05,0.0,-0.0,0.0,0.0,0.0,0.0,17.17,-145.0,371519.0,278639.25,0.0,92879.75,4130491.4
303,/GDAX135500F0.EX,2020-04-15,2020-06-19,CALL,13550.0,0.6,29.78,10279.76,0.0,0.0,0.0,0.0,-0.0,-0.0,-0.0,-0.0,-416.7999999999993,416.7999999999993,-27.61,164.0,-98.39999999999999,0.0,73.8,-172.2,4130491.4
135,/GDAX93500F0.EX,2020-04-15,2020-06-19,CALL,9350.0,1147.1,42.14,10279.76,0.9999975715800248,-0.0001323037395195,9.479988122979876,-5.4569682106375694e-06,0.0,-0.0,0.0,-0.0,0.0,0.0,12.36,-46.0,52766.6,39574.95,0.0,13191.650000000001,4143683.05
349,/GDAX147000F0.EX,2020-04-16,2020-06-19,CALL,14700.0,0.2,34.96,10301.54,0.0,0.0,0.0,0.0,0.0,0.0,0.0,0.0,21.78000000000065,21.78000000000065,-7.18,220.0,-44.0,0.0,33.0,-77.0,4143683.05
256,/GDAX123500R0.EX,2020-04-16,2020-06-19,PUT ,12350.0,2037.4,24.86,10301.54,0.0,0.0,0.0,0.0,0.0,0.0,0.0,0.0,0.0,0.0,-10.100000000000001,102.0,-207814.80000000002,0.0,155861.1,-363675.9,4143683.05
345,/GDAX146000F0.EX,2020-04-16,2020-06-19,CALL,14600.0,0.2,34.32,10301.54,0.0,0.0,0.0,0.0,0.0,0.0,0.0,0.0,0.0,0.0,9.46,215.0,-43.0,0.0,32.25,-75.25,4143683.05
363,/GDAX155000F0.EX,2020-04-17,2020-06-19,CALL,15500.0,0.2,38.64,10625.78,0.0,0.0,0.0,0.0,0.0,0.0,0.0,0.0,324.2399999999998,324.2399999999998,4.32,244.0,-48.800000000000004,0.0,36.6,-85.4,4143683.05
300,/GDAX134500R0.EX,2020-04-17,2020-06-19,PUT ,13450.0,3136.0,31.84,10625.78,0.0,0.0,0.0,0.0,0.0,0.0,0.0,0.0,0.0,0.0,-6.800000000000001,141.0,-442176.0,0.0,331632.0,-773808.0,4143683.05
123,/GDAX90500F0.EX,2020-04-17,2020-06-19,CALL,9050.0,1404.7,44.95,10625.78,1.0000000005675247,-1.1693373380694538e-06,9.240268311824591,-4.547473508864641e-06,0.0,-0.0,0.0,-0.0,0.0,0.0,13.110000000000003,-79.0,110971.3,83228.475,0.0,27742.824999999997,4171425.875
357,/GDAX149000F0.EX,2020-04-20,2020-06-19,CALL,14900.0,0.2,35.09,10675.9,0.0,0.0,0.0,0.0,0.0,0.0,0.0,0.0,50.11999999999898,50.11999999999898,-9.86,211.0,-42.2,0.0,31.650000000000002,-73.85000000000001,4171425.875
362,/GDAX150000R0.EX,2020-04-20,2020-06-19,PUT ,15000.0,4686.8,43.64,10675.9,0.0,0.0,0.0,0.0,0.0,0.0,0.0,0.0,0.0,0.0,8.549999999999997,216.0,-1012348.8,0.0,759261.6000000001,-1771610.4000000001,4171425.875
276,/GDAX128500R0.EX,2020-04-21,2020-06-19,PUT ,12850.0,2536.2,27.83,10249.85,0.0,0.0,0.0,0.0,-0.0,-0.0,-0.0,-0.0,-426.0499999999993,426.0499999999993,-15.810000000000002,130.0,-329706.0,0.0,247279.5,-576985.5,4171425.875
294,/GDAX133000R0.EX,2020-04-21,2020-06-19,PUT ,13300.0,2986.0,30.85,10249.85,0.0,0.0,0.0,0.0,0.0,0.0,0.0,0.0,0.0,0.0,3.020000000000003,153.0,-456858.0,0.0,342643.5,-799501.5,4171425.875
291,/GDAX132500F0.EX,2020-04-21,2020-06-19,CALL,13250.0,0.8,28.61,10249.85,0.0,0.0,0.0,0.0,0.0,0.0,0.0,0.0,0.0,0.0,-2.240000000000002,150.0,-120.0,0.0,90.0,-210.0,4171425.875
85,/GDAX81000F0.EX,2020-04-22,2020-06-19,CALL,8100.0,2275.4,54.33,10415.03,1.000000013825429,-3.944206267835558e-06,8.42103445420355,-1.2428307073444802e-12,165.18000228368464,-0.000651503991321,1390.986471145345,-2.052907762391616e-10,165.1800000000003,165.1800000000003,25.72,49.0,-111494.6,0.0,83620.95000000001,-195115.55000000002,4171425.875
89,/GDAX82000F0.EX,2020-04-22,2020-06-19,CALL,8200.0,2180.8,53.31,10415.03,1.0000002632295946,-0.0013743765521212,8.523809562777842,2.7284841053187847e-06,0.0,-0.0,0.0,0.0,0.0,0.0,-1.019999999999996,-111.0,242068.80000000002,181551.6,0.0,60517.20000000001,4231943.075
361,/GDAX150000F0.EX,2020-04-23,2020-06-19,CALL,15000.0,0.2,35.7,10513.79,0.0,0.0,0.0,0.0,0.0,0.0,0.0,0.0,98.76000000000022,98.76000000000022,-17.61,224.0,-44.800000000000004,0.0,33.6,-78.4,4231943.075
322,/GDAX140000R0.EX,2020-04-24,2020-06-19,PUT ,14000.0,3686.2,35.87,10336.09,0.0,0.0,0.0,0.0,-0.0,-0.0,-0.0,-0.0,-177.70000000000073,177.70000000000073,0.1699999999999946,183.0,-674574.6,0.0,505930.94999999995,-1180505.5499999998,4231943.075
341,/GDAX145000F0.EX,2020-04-24,2020-06-19,CALL,14500.0,0.3,33.68,10336.09,0.0,0.0,0.0,0.0,0.0,0.0,0.0,0.0,0.0,0.0,-2.1899999999999977,208.0,-62.4,0.0,46.8,-109.19999999999999,4231943.075
347,/GDAX146500F0.EX,2020-04-24,2020-06-19,CALL,14650.0,0.2,34.64,10336.09,0.0,0.0,0.0,0.0,0.0,0.0,0.0,0.0,0.0,0.0,0.9600000000000009,216.0,-43.2,0.0,32.400000000000006,-75.60000000000001,4231943.075
8,/GDAX41000R0.EX,2020-04-27,2020-06-19,PUT ,4100.0,0.8,95.43,10659.99,1.0000000093496055,1.1074173039848092e-05,4.342122196005676,-4.250688356543431e-14,323.90000302833687,0.0035869246476067,1406.4133792862367,-1.3767979586844154e-11,323.89999999999964,323.89999999999964,60.790000000000006,-4.0,3.2,2.4000000000000004,0.0,0.7999999999999998,4231943.875
6,/GDAX40000R0.EX,2020-04-27,2020-06-19,PUT ,4000.0,0.7,97.84,10659.99,1.0000000125728548,0.0002243680228275,4.2362869425132885,-3.637978807091713e-06,0.0,0.0,0.0,-0.0,0.0,0.0,2.4099999999999966,-333.0,233.1,174.825,0.0,58.275000000000006,4232002.15
12,/GDAX43000R0.EX,2020-04-27,2020-06-19,PUT ,4300.0,1.0,93.82,10659.99,0.9999994450936356,0.0002959468929475,4.553059226626601,-1.8189894035458565e-06,0.0,0.0,0.0,-0.0,0.0,0.0,-4.02000000000001,-318.0,318.0,238.5,0.0,79.5,4232081.65
10,/GDAX42000R0.EX,2020-04-27,2020-06-19,PUT ,4200.0,0.9,94.76,10659.99,0.9999999596402632,0.0001018692728393,4.44768040108454,-1.3642420526593924e-06,0.0,0.0,0.0,-0.0,0.0,0.0,0.9400000000000119,-323.0,290.7,218.02499999999998,0.0,72.67500000000001,4232154.325
224,/GDAX115500R0.EX,2020-04-27,2020-06-19,PUT ,11550.0,1259.8,23.57,10659.99,0.0,0.0,0.0,0.0,0.0,0.0,0.0,0.0,0.0,0.0,-71.19,45.0,-56691.0,0.0,42518.25,-99209.25,4232154.325
315,/GDAX138500F0.EX,2020-04-27,2020-06-19,CALL,13850.0,0.4,31.18,10659.99,0.0,0.0,0.0,0.0,0.0,0.0,0.0,0.0,0.0,0.0,7.609999999999999,160.0,-64.0,0.0,48.0,-112.0,4232154.325
287,/GDAX131500F0.EX,2020-04-28,2020-06-19,CALL,13150.0,0.9,28.04,10795.63,0.0,0.0,0.0,0.0,0.0,0.0,0.0,0.0,135.63999999999942,135.63999999999942,-3.1400000000000006,118.0,-106.2,0.0,79.65,-185.85000000000002,4232154.325
274,/GDAX128000R0.EX,2020-04-29,2020-06-19,PUT ,12800.0,2486.3,27.51,11107.74,0.0,0.0,0.0,0.0,0.0,0.0,0.0,0.0,312.1100000000006,312.1100000000006,-0.5299999999999976,85.0,-211335.50000000003,0.0,158501.62500000003,-369837.12500000006,4232154.325
208,/GDAX111500R0.EX,2020-04-29,2020-06-19,PUT ,11150.0,918.0,25.78,11107.74,0.1360358681267826,23.18697294003869,-297.4568474955504,4.18367562815547e-05,0.0,0.0,-0.0,0.0,0.0,0.0,-1.7300000000000004,2.0,-1836.0,0.0,1377.0,-3213.0,4232154.325
2,/GDAX20000R0.EX,2020-04-30,2020-06-19,PUT ,2000.0,0.1,150.5,10861.64,1.000000001033705,1.6575578006986963e-06,2.1424359486657067,-6.59823245760878e-14,-246.1000002543952,-0.0004079249747519,-527.2534869666312,1.6238250078175232e-11,-246.1000000000004,246.1000000000004,124.72,-689.0,68.9,51.675000000000004,0.0,17.225,4232171.55
335,/GDAX143500F0.EX,2020-04-30,2020-06-19,CALL,14350.0,0.3,32.71,10861.64,0.0,0.0,0.0,0.0,0.0,0.0,0.0,0.0,0.0,0.0,-117.78999999999999,174.0,-52.199999999999996,0.0,39.15,-91.35,4232171.55
232,/GDAX117500R0.EX,2020-04-30,2020-06-19,PUT ,11750.0,1448.3,23.35,10861.64,0.0,0.0,0.0,0.0,0.0,0.0,0.0,0.0,0.0,0.0,-9.36,44.0,-63725.2,0.0,47793.899999999994,-111519.09999999999,4232171.55
109,/GDAX87000F0.EX,2020-04-30,2020-06-19,CALL,8700.0,1717.3,48.32,10861.64,1.000000002386514,-7.670405466342345e-06,9.319868431568466,-2.7284841053187847e-06,0.0,-0.0,0.0,-0.0,0.0,0.0,24.97,-108.0,185468.4,139101.3,0.0,46367.100000000006,4278538.649999999
228,/GDAX116500R0.EX,2020-04-30,2020-06-19,PUT ,11650.0,1353.2,23.41,10861.64,0.0,0.0,0.0,0.0,0.0,0.0,0.0,0.0,0.0,0.0,-24.91,39.0,-52774.8,0.0,39581.100000000006,-92355.90000000001,4278538.649999999
55,/GDAX72000F0.EX,2020-04-30,2020-06-19,CALL,7200.0,3144.1,63.46,10861.64,1.00000025886402,-0.0008630782303953,7.712897631771966,-3.1377567211166024e-05,0.0,-0.0,0.0,-0.0,0.0,0.0,40.05,-183.0,575370.2999999999,431527.725,0.0,143842.57499999995,4422381.225
230,/GDAX117000R0.EX,2020-04-30,2020-06-19,PUT ,11700.0,1400.5,23.35,10861.64,0.0,0.0,0.0,0.0,0.0,0.0,0.0,0.0,0.0,0.0,-40.11,42.0,-58821.0,0.0,44115.75,-102936.75,4422381.225
288,/GDAX131500R0.EX,2020-04-30,2020-06-19,PUT ,13150.0,2836.0,29.8,10861.64,0.0,0.0,0.0,0.0,0.0,0.0,0.0,0.0,0.0,0.0,6.449999999999999,114.0,-323304.0,0.0,242478.0,-565782.0,4422381.225
88,/GDAX81500R0.EX,2020-05-04,2020-06-19,PUT ,8150.0,59.4,53.52,10466.8,0.9999999937272428,2.7428277862483585e-06,8.868217761032042,-5.210534807261e-14,-394.8399975232646,-0.0010829781231223,-3501.527100765893,2.057327563298934e-11,-394.84000000000015,394.84000000000015,23.720000000000002,-511.0,30353.399999999998,22765.05,0.0,7588.3499999999985,4429969.574999999
25,/GDAX52000F0.EX,2020-05-04,2020-06-19,CALL,5200.0,5124.0,90.57,10466.8,0.9999999315823516,-0.0005866014817001,5.658002630748683,-8.185452315956354e-06,0.0,-0.0,0.0,-0.0,0.0,0.0,37.04999999999999,-263.0,1347612.0,1010709.0,0.0,336903.0,4766872.574999999
40,/GDAX63000R0.EX,2020-05-04,2020-06-19,PUT ,6300.0,10.0,71.09,10466.8,1.000001146167051,6.448317435570061e-08,6.854727984138549,-1.091393642127514e-05,0.0,0.0,0.0,-0.0,0.0,0.0,-19.47999999999999,-208.0,2080.0,1560.0,0.0,520.0,4767392.574999999
364,/GDAX155000R0.EX,2020-05-04,2020-06-19,PUT ,15500.0,5187.1,47.43,10466.8,0.0,0.0,0.0,0.0,0.0,0.0,0.0,0.0,0.0,0.0,-23.660000000000004,252.0,-1307149.2000000002,0.0,980361.9000000001,-2287511.1000000006,4767392.574999999
220,/GDAX114500R0.EX,2020-05-04,2020-06-19,PUT ,11450.0,1168.7,23.86,10466.8,0.0,0.0,0.0,0.0,0.0,0.0,0.0,0.0,0.0,0.0,-23.57,49.0,-57266.3,0.0,42949.725000000006,-100216.02500000001,4767392.574999999
38,/GDAX62000R0.EX,2020-05-04,2020-06-19,PUT ,6200.0,9.1,72.07,10466.8,0.9994759983783296,-0.0002812893399095,6.745274083856543,5.24285132996738,0.0,-0.0,0.0,0.0,0.0,0.0,48.209999999999994,-213.0,1938.3,1453.725,0.0,484.57500000000005,4767877.149999999
101,/GDAX85000F0.EX,2020-05-04,2020-06-19,CALL,8500.0,1900.6,50.29,10466.8,0.9999999949286577,1.4896158972987903e-05,9.24890327397884,4.547473508864641e-06,0.0,0.0,0.0,0.0,0.0,0.0,-21.779999999999994,-98.0,186258.8,139694.09999999998,0.0,46564.70000000001,4814441.85
292,/GDAX132500R0.EX,2020-05-05,2020-06-19,PUT ,13250.0,2936.0,30.45,10729.46,0.0,0.0,0.0,0.0,0.0,0.0,0.0,0.0,262.65999999999985,262.65999999999985,-19.84,126.0,-369936.0,0.0,277452.0,-647388.0,4814441.85
24,/GDAX49000R0.EX,2020-05-05,2020-06-19,PUT ,4900.0,2.2,86.42,10729.46,1.0000001063872332,0.0002631416009535,5.353210134087931,0.0,0.0,0.0,0.0,0.0,0.0,0.0,55.97,-291.0,640.2,480.15000000000003,0.0,160.05,4814601.899999999
258,/GDAX124000R0.EX,2020-05-05,2020-06-19,PUT ,12400.0,2087.2,25.13,10729.46,0.0,0.0,0.0,0.0,0.0,0.0,0.0,0.0,0.0,0.0,-61.290000000000006,84.0,-175324.8,0.0,131493.59999999998,-306818.39999999997,4814601.899999999
240,/GDAX119500R0.EX,2020-05-05,2020-06-19,PUT ,11950.0,1642.1,23.5,10729.46,0.0,0.0,0.0,0.0,0.0,0.0,0.0,0.0,0.0,0.0,-1.629999999999999,61.0,-100168.09999999999,0.0,75126.075,-175294.175,4814601.899999999
284,/GDAX130500R0.EX,2020-05-05,2020-06-19,PUT ,13050.0,2736.1,29.13,10729.46,0.0,0.0,0.0,0.0,0.0,0.0,0.0,0.0,0.0,0.0,5.629999999999999,116.0,-317387.6,0.0,238040.69999999998,-555428.2999999999,4814601.899999999
278,/GDAX129000R0.EX,2020-05-05,2020-06-19,PUT ,12900.0,2586.2,28.14,10729.46,0.0,0.0,0.0,0.0,0.0,0.0,0.0,0.0,0.0,0.0,-0.9899999999999984,109.0,-281895.8,0.0,211421.84999999998,-493317.64999999997,4814601.899999999
296,/GDAX133500R0.EX,2020-05-06,2020-06-19,PUT ,13350.0,3036.0,31.24,10606.2,0.0,0.0,0.0,0.0,-0.0,-0.0,-0.0,-0.0,-123.2599999999984,123.2599999999984,3.099999999999998,137.0,-415932.0,0.0,311949.0,-727881.0,4814601.899999999
236,/GDAX118500R0.EX,2020-05-06,2020-06-19,PUT ,11850.0,1544.7,23.36,10606.2,0.0,0.0,0.0,0.0,0.0,0.0,0.0,0.0,0.0,0.0,-7.879999999999999,62.0,-95771.40000000001,0.0,71828.55,-167599.95,4814601.899999999
304,/GDAX135500R0.EX,2020-05-06,2020-06-19,PUT ,13550.0,3236.0,32.6,10606.2,0.0,0.0,0.0,0.0,0.0,0.0,0.0,0.0,0.0,0.0,9.240000000000002,147.0,-475692.0,0.0,356769.0,-832461.0,4814601.899999999
120,/GDAX89500R0.EX,2020-05-06,2020-06-19,PUT ,8950.0,124.9,45.79,10606.2,0.9999999731917342,0.0001848767169576,9.81645295039857,-9.094947017729282e-07,0.0,0.0,0.0,-0.0,0.0,0.0,13.189999999999998,-83.0,10366.7,7775.025000000001,0.0,2591.675,4817193.574999999
299,/GDAX134500F0.EX,2020-05-06,2020-06-19,CALL,13450.0,0.6,29.35,10606.2,0.0,0.0,0.0,0.0,0.0,0.0,0.0,0.0,0.0,0.0,-16.439999999999998,142.0,-85.2,0.0,63.900000000000006,-149.10000000000002,4817193.574999999
46,/GDAX66000R0.EX,2020-05-06,2020-06-19,PUT ,6600.0,13.6,68.11,10606.2,0.9999999516367096,0.0005780989795312,7.238742231289848,3.637978807091713e-06,0.0,0.0,0.0,0.0,0.0,0.0,38.76,-200.0,2720.0,2040.0,0.0,680.0,4817873.574999999
280,/GDAX129500R0.EX,2020-05-06,2020-06-19,PUT ,12950.0,2636.1,28.43,10606.2,0.0,0.0,0.0,0.0,0.0,0.0,0.0,0.0,0.0,0.0,-39.68,117.0,-308423.7,0.0,231317.77500000002,-539741.4750000001,4817873.574999999
270,/GDAX127000R0.EX,2020-05-06,2020-06-19,PUT ,12700.0,2386.4,26.85,10606.2,0.0,0.0,0.0,0.0,0.0,0.0,0.0,0.0,0.0,0.0,-1.5799999999999983,105.0,-250572.0,0.0,187929.0,-438501.0,4817873.574999999
204,/GDAX110500R0.EX,2020-05-08,2020-06-19,PUT ,11050.0,843.0,26.53,10904.48,0.2278259012032184,2.2770549727335946e-05,-227.55376205901075,3.1396172675207216e-06,67.95590981089572,0.0067919995726697,-67874.73614696146,0.000936485038556,298.27999999999884,298.27999999999884,-0.3200000000000003,76.0,-64068.0,0.0,48051.0,-112119.0,4817873.574999999
331,/GDAX142500F0.EX,2020-05-08,2020-06-19,CALL,14250.0,0.3,32.82,10904.48,0.0,0.0,0.0,0.0,0.0,0.0,0.0,0.0,0.0,0.0,6.289999999999999,167.0,-50.1,0.0,37.575,-87.67500000000001,4817873.574999999
337,/GDAX144000F0.EX,2020-05-11,2020-06-19,CALL,14400.0,0.3,33.03,10824.99,0.0,0.0,0.0,0.0,-0.0,-0.0,-0.0,-0.0,-79.48999999999978,79.48999999999978,0.21000000000000085,179.0,-53.699999999999996,0.0,40.275,-93.975,4817873.574999999
329,/GDAX142000F0.EX,2020-05-11,2020-06-19,CALL,14200.0,0.3,32.49,10824.99,0.0,0.0,0.0,0.0,0.0,0.0,0.0,0.0,0.0,0.0,-0.5399999999999991,169.0,-50.699999999999996,0.0,38.025,-88.725,4817873.574999999
325,/GDAX141000F0.EX,2020-05-11,2020-06-19,CALL,14100.0,0.3,31.81,10824.99,0.0,0.0,0.0,0.0,0.0,0.0,0.0,0.0,0.0,0.0,-0.6800000000000033,164.0,-49.199999999999996,0.0,36.9,-86.1,4817873.574999999
293,/GDAX133000F0.EX,2020-05-11,2020-06-19,CALL,13300.0,0.7,28.76,10824.99,0.0,0.0,0.0,0.0,0.0,0.0,0.0,0.0,0.0,0.0,-3.049999999999997,124.0,-86.8,0.0,65.1,-151.89999999999998,4817873.574999999
309,/GDAX137000F0.EX,2020-05-11,2020-06-19,CALL,13700.0,0.5,30.52,10824.99,0.0,0.0,0.0,0.0,0.0,0.0,0.0,0.0,0.0,0.0,1.759999999999998,144.0,-72.0,0.0,54.0,-126.0,4817873.574999999
20,/GDAX47000R0.EX,2020-05-11,2020-06-19,PUT ,4700.0,1.7,88.72,10824.99,0.999999490522896,-6.861696419946384e-05,5.260728022757462,5.4569682106375694e-06,0.0,-0.0,0.0,0.0,0.0,0.0,58.2,-306.0,520.1999999999999,390.15,0.0,130.04999999999995,4818003.624999999
255,/GDAX123500F0.EX,2020-05-11,2020-06-19,CALL,12350.0,2.9,24.38,10824.99,0.0,0.0,0.0,0.0,0.0,0.0,0.0,0.0,0.0,0.0,-64.34,76.0,-220.4,0.0,165.3,-385.70000000000005,4818003.624999999
97,/GDAX84000F0.EX,2020-05-11,2020-06-19,CALL,8400.0,1993.4,51.3,10824.99,0.999999655323336,0.0004482350050238,9.403578804454128,-1.8189894035458565e-06,0.0,0.0,0.0,-0.0,0.0,0.0,26.919999999999998,-121.0,241201.40000000002,180901.05000000002,0.0,60300.350000000006,4878303.974999999
271,/GDAX127500F0.EX,2020-05-11,2020-06-19,CALL,12750.0,1.5,26.19,10824.99,0.0,0.0,0.0,0.0,0.0,0.0,0.0,0.0,0.0,0.0,-25.109999999999996,96.0,-144.0,0.0,108.0,-252.0,4878303.974999999
275,/GDAX128500F0.EX,2020-05-11,2020-06-19,CALL,12850.0,1.3,26.63,10824.99,0.0,0.0,0.0,0.0,0.0,0.0,0.0,0.0,0.0,0.0,0.4399999999999977,101.0,-131.3,0.0,98.47500000000001,-229.77500000000003,4878303.974999999
279,/GDAX129500F0.EX,2020-05-11,2020-06-19,CALL,12950.0,1.1,27.16,10824.99,0.0,0.0,0.0,0.0,0.0,0.0,0.0,0.0,0.0,0.0,0.5300000000000011,106.0,-116.60000000000001,0.0,87.45,-204.05,4878303.974999999
283,/GDAX130500F0.EX,2020-05-11,2020-06-19,CALL,13050.0,1.0,27.63,10824.99,0.0,0.0,0.0,0.0,0.0,0.0,0.0,0.0,0.0,0.0,0.46999999999999886,111.0,-111.0,0.0,83.25,-194.25,4878303.974999999
277,/GDAX129000F0.EX,2020-05-11,2020-06-19,CALL,12900.0,1.2,26.9,10824.99,0.0,0.0,0.0,0.0,0.0,0.0,0.0,0.0,0.0,0.0,-0.7300000000000004,104.0,-124.8,0.0,93.6,-218.39999999999998,4878303.974999999
289,/GDAX132000F0.EX,2020-05-11,2020-06-19,CALL,13200.0,0.8,28.21,10824.99,0.0,0.0,0.0,0.0,0.0,0.0,0.0,0.0,0.0,0.0,1.3100000000000023,119.0,-95.2,0.0,71.4,-166.60000000000002,4878303.974999999
307,/GDAX136500F0.EX,2020-05-11,2020-06-19,CALL,13650.0,0.5,30.15,10824.99,0.0,0.0,0.0,0.0,0.0,0.0,0.0,0.0,0.0,0.0,1.9399999999999977,141.0,-70.5,0.0,52.875,-123.375,4878303.974999999
48,/GDAX67000R0.EX,2020-05-11,2020-06-19,PUT ,6700.0,15.0,67.11,10824.99,0.999999924988515,0.0002296069396834,7.499533776923727,6.366462912410498e-06,0.0,0.0,0.0,0.0,0.0,0.0,36.96,-206.0,3090.0,2317.5,0.0,772.5,4879076.474999999
301,/GDAX135000F0.EX,2020-05-11,2020-06-19,CALL,13500.0,0.6,29.4,10824.99,0.0,0.0,0.0,0.0,0.0,0.0,0.0,0.0,0.0,0.0,-37.71,134.0,-80.39999999999999,0.0,60.3,-140.7,4879076.474999999
285,/GDAX131000F0.EX,2020-05-11,2020-06-19,CALL,13100.0,0.9,27.84,10824.99,0.0,0.0,0.0,0.0,0.0,0.0,0.0,0.0,0.0,0.0,-1.5599999999999987,114.0,-102.60000000000001,0.0,76.95,-179.55,4879076.474999999
200,/GDAX109500R0.EX,2020-05-12,2020-06-19,PUT ,10950.0,772.3,27.28,10819.5,0.0399312276155642,0.0298133685411231,-232.60952057126383,2.6653912533963507e-06,-0.2192224396094388,-0.1636753932907595,1277.0262679361877,-1.4632997981145384e-05,-5.489999999999782,5.489999999999782,-0.5599999999999987,6.0,-4633.799999999999,0.0,3475.3499999999995,-8109.149999999999,4879076.474999999
18,/GDAX46000R0.EX,2020-05-12,2020-06-19,PUT ,4600.0,1.5,90.13,10819.5,0.9999993790188456,-0.0006011554887663,5.169454368218567,1.3642420526593924e-06,0.0,-0.0,0.0,0.0,0.0,0.0,62.849999999999994,-311.0,466.5,349.875,0.0,116.625,4879193.099999999
263,/GDAX125500F0.EX,2020-05-12,2020-06-19,CALL,12550.0,2.0,25.2,10819.5,0.0,0.0,0.0,0.0,0.0,0.0,0.0,0.0,0.0,0.0,-64.92999999999999,87.0,-174.0,0.0,130.5,-304.5,4879193.099999999
354,/GDAX148000R0.EX,2020-05-12,2020-06-19,PUT ,14800.0,4486.6,42.13,10819.5,0.0,0.0,0.0,0.0,0.0,0.0,0.0,0.0,0.0,0.0,16.930000000000003,199.0,-892833.4,0.0,669625.05,-1562458.4500000002,4879193.099999999
265,/GDAX126000F0.EX,2020-05-12,2020-06-19,CALL,12600.0,1.9,25.45,10819.5,0.0,0.0,0.0,0.0,0.0,0.0,0.0,0.0,0.0,0.0,-16.680000000000003,89.0,-169.1,0.0,126.82499999999999,-295.92499999999995,4879193.099999999
247,/GDAX121500F0.EX,2020-05-12,2020-06-19,CALL,12150.0,4.6,23.72,10819.5,0.0,0.0,0.0,0.0,0.0,0.0,0.0,0.0,0.0,0.0,-1.7300000000000004,67.0,-308.2,0.0,231.14999999999998,-539.3499999999999,4879193.099999999
267,/GDAX126500F0.EX,2020-05-12,2020-06-19,CALL,12650.0,1.7,25.67,10819.5,0.0,0.0,0.0,0.0,0.0,0.0,0.0,0.0,0.0,0.0,1.9500000000000028,92.0,-156.4,0.0,117.30000000000001,-273.70000000000005,4879193.099999999
133,/GDAX93000F0.EX,2020-05-12,2020-06-19,CALL,9300.0,1189.3,42.6,10819.5,0.9999993737437762,0.0020546229279716,10.454240541976787,0.0,0.0,0.0,0.0,0.0,0.0,0.0,16.93,-76.0,90386.8,67790.1,0.0,22596.699999999997,4901789.799999999
159,/GDAX99500F0.EX,2020-05-13,2020-06-19,CALL,9950.0,677.5,36.4,10542.66,0.999937948178238,-1.3149345911244888e-06,11.179086190425323,-2.806050796524616e-07,-276.82282157366353,0.0003640264922069,-3094.8182209573483,7.768271025098749e-05,-276.84000000000015,276.84000000000015,-6.200000000000003,-306.0,207315.0,155486.25,0.0,51828.75,4953618.549999999
144,/GDAX95500R0.EX,2020-05-13,2020-06-19,PUT ,9550.0,215.3,40.16,10542.66,0.999998567840521,-0.000358789020538,10.779012913056704,9.094947017729282e-07,0.0,-0.0,0.0,0.0,0.0,0.0,3.759999999999998,-50.0,10765.0,8073.75,0.0,2691.25,4956309.799999999
125,/GDAX91000F0.EX,2020-05-13,2020-06-19,CALL,9100.0,1361.0,44.49,10542.66,0.9999990560572768,0.0002532141479605,10.267962509194376,9.094947017729282e-07,0.0,0.0,0.0,0.0,0.0,0.0,4.330000000000005,-72.0,97992.0,73494.0,0.0,24498.0,4980807.799999999
318,/GDAX139000R0.EX,2020-05-13,2020-06-19,PUT ,13900.0,3586.1,35.16,10542.66,0.0,0.0,0.0,0.0,0.0,0.0,0.0,0.0,0.0,0.0,-9.330000000000005,168.0,-602464.7999999999,0.0,451848.6,-1054313.4,4980807.799999999
298,/GDAX134000R0.EX,2020-05-13,2020-06-19,PUT ,13400.0,3086.0,31.46,10542.66,0.0,0.0,0.0,0.0,0.0,0.0,0.0,0.0,0.0,0.0,-3.6999999999999957,143.0,-441298.0,0.0,330973.5,-772271.5,4980807.799999999
297,/GDAX134000F0.EX,2020-05-13,2020-06-19,CALL,13400.0,0.6,29.27,10542.66,0.0,0.0,0.0,0.0,0.0,0.0,0.0,0.0,0.0,0.0,-2.1900000000000013,143.0,-85.8,0.0,64.35,-150.14999999999998,4980807.799999999
246,/GDAX121000R0.EX,2020-05-13,2020-06-19,PUT ,12100.0,1789.6,23.88,10542.66,0.0,0.0,0.0,0.0,0.0,0.0,0.0,0.0,0.0,0.0,-5.390000000000001,78.0,-139588.8,0.0,104691.59999999999,-244280.39999999997,4980807.799999999
302,/GDAX135000R0.EX,2020-05-13,2020-06-19,PUT ,13500.0,3186.0,32.22,10542.66,0.0,0.0,0.0,0.0,0.0,0.0,0.0,0.0,0.0,0.0,8.34,148.0,-471528.0,0.0,353646.0,-825174.0,4980807.799999999
249,/GDAX122000F0.EX,2020-05-14,2020-06-19,CALL,12200.0,4.0,23.83,10337.02,0.0,0.0,0.0,0.0,-0.0,-0.0,-0.0,-0.0,-205.63999999999945,205.63999999999945,-8.39,93.0,-372.0,0.0,279.0,-651.0,4980807.799999999
218,/GDAX114000R0.EX,2020-05-14,2020-06-19,PUT ,11400.0,1124.3,24.1,10337.02,0.0,0.0,0.0,0.0,0.0,0.0,0.0,0.0,0.0,0.0,0.2700000000000031,53.0,-59587.899999999994,0.0,44690.924999999996,-104278.82499999998,4980807.799999999
253,/GDAX123000F0.EX,2020-05-14,2020-06-19,CALL,12300.0,3.2,24.18,10337.02,0.0,0.0,0.0,0.0,0.0,0.0,0.0,0.0,0.0,0.0,0.0799999999999983,98.0,-313.6,0.0,235.20000000000002,-548.8000000000001,4980807.799999999
155,/GDAX98500F0.EX,2020-05-14,2020-06-19,CALL,9850.0,750.4,37.36,10337.02,0.9999307911130018,-0.0007839586942282,11.051899764244808,-3.637978807091713e-06,0.0,-0.0,0.0,-0.0,0.0,0.0,13.18,-24.0,18009.6,13507.199999999999,0.0,4502.4,4985310.199999999
96,/GDAX83500R0.EX,2020-05-14,2020-06-19,PUT ,8350.0,71.5,51.57,10337.02,1.000000214389729,1.2981126928934827e-05,9.46258870321958,2.7284841053187847e-06,0.0,0.0,0.0,0.0,0.0,0.0,14.21,-99.0,7078.5,5308.875,0.0,1769.625,4987079.824999999
22,/GDAX48000R0.EX,2020-05-14,2020-06-19,PUT ,4800.0,2.0,87.27,10337.02,1.0000002345805117,-0.0001144426278187,5.439930288452274,4.092726157978177e-06,0.0,-0.0,0.0,0.0,0.0,0.0,35.699999999999996,-277.0,554.0,415.5,0.0,138.5,4987218.324999999
42,/GDAX64000R0.EX,2020-05-14,2020-06-19,PUT ,6400.0,11.1,70.15,10337.02,1.000000077419827,-0.0001750018782331,7.253767070308186,-4.547473508864641e-07,0.0,-0.0,0.0,-0.0,0.0,0.0,-17.11999999999999,-197.0,2186.7,1640.0249999999999,0.0,546.675,4987764.999999999
153,/GDAX98000F0.EX,2020-05-14,2020-06-19,CALL,9800.0,787.8,37.83,10337.02,0.9999543328376604,-0.0004064034328621,11.034826443012662,9.094947017729282e-07,0.0,-0.0,0.0,0.0,0.0,0.0,-32.32000000000001,-27.0,21270.6,15952.949999999999,0.0,5317.65,4993082.649999999
259,/GDAX124500F0.EX,2020-05-14,2020-06-19,CALL,12450.0,2.4,24.75,10337.02,0.0,0.0,0.0,0.0,0.0,0.0,0.0,0.0,0.0,0.0,-13.079999999999998,106.0,-254.39999999999998,0.0,190.79999999999998,-445.19999999999993,4993082.649999999
26,/GDAX52000R0.EX,2020-05-14,2020-06-19,PUT ,5200.0,3.1,83.06,10337.02,0.9999998590501492,-6.365844456013292e-05,5.893847816204129,-1.091393642127514e-05,0.0,-0.0,0.0,-0.0,0.0,0.0,58.31,-257.0,796.7,597.5250000000001,0.0,199.17499999999995,4993281.824999999
129,/GDAX92000F0.EX,2020-05-14,2020-06-19,CALL,9200.0,1274.5,43.55,10337.02,0.9999979019085004,0.0006027854396961,10.425970695577917,1.8189894035458565e-06,0.0,0.0,0.0,0.0,0.0,0.0,-39.510000000000005,-57.0,72646.5,54484.875,0.0,18161.625,5011443.449999999
196,/GDAX108500R0.EX,2020-05-14,2020-06-19,PUT ,10850.0,706.4,28.05,10337.02,0.0278978418464248,-0.0062340106524061,-87.66641718088476,0.0,0.0,-0.0,-0.0,0.0,0.0,0.0,-15.499999999999996,26.0,-18366.399999999998,0.0,13774.8,-32141.199999999997,5011443.449999999
84,/GDAX80500R0.EX,2020-05-14,2020-06-19,PUT ,8050.0,54.2,54.5,10337.02,1.000000806971002,-0.0002043307631538,9.13044362808114,-5.9117155615240335e-06,0.0,-0.0,0.0,-0.0,0.0,0.0,26.45,-114.0,6178.8,4634.1,0.0,1544.6999999999998,5012988.149999999
149,/GDAX97000F0.EX,2020-05-14,2020-06-19,CALL,9700.0,864.3,38.77,10337.02,0.9999814776165294,-0.0013657201634487,10.965343151952766,-2.7284841053187847e-06,0.0,-0.0,0.0,-0.0,0.0,0.0,-15.729999999999997,-32.0,27657.6,20743.199999999997,0.0,6914.4000000000015,5019902.55
198,/GDAX109000R0.EX,2020-05-14,2020-06-19,PUT ,10900.0,738.7,27.65,10337.02,0.0,0.0,0.0,0.0,0.0,0.0,0.0,0.0,0.0,0.0,-11.120000000000005,28.0,-20683.600000000002,0.0,15512.7,-36196.3,5019902.55
378,/GDAX190000R0.EX,2020-05-14,2020-06-19,PUT ,19000.0,8689.8,71.82,10337.02,0.0,0.0,0.0,0.0,0.0,0.0,0.0,0.0,0.0,0.0,44.169999999999995,433.0,-3762683.4,0.0,2822012.55,-6584695.949999999,5019902.55
86,/GDAX81000R0.EX,2020-05-14,2020-06-19,PUT ,8100.0,56.8,54.03,10337.02,0.9999991517361196,0.0001670229721639,9.18475529386228,-5.002220859751105e-06,0.0,0.0,0.0,-0.0,0.0,0.0,-17.789999999999992,-112.0,6361.599999999999,4771.2,0.0,1590.3999999999996,5021492.95
30,/GDAX56000R0.EX,2020-05-14,2020-06-19,PUT ,5600.0,4.8,78.51,10337.02,1.0000000313084456,-1.9770232029259205e-05,6.34798731311912,5.002220859751105e-06,0.0,-0.0,0.0,0.0,0.0,0.0,24.480000000000004,-237.0,1137.6,853.1999999999999,0.0,284.4,5021777.350000001
268,/GDAX126500R0.EX,2020-05-14,2020-06-19,PUT ,12650.0,2336.5,26.5,10337.02,0.0,0.0,0.0,0.0,0.0,0.0,0.0,0.0,0.0,0.0,-52.010000000000005,116.0,-271034.0,0.0,203275.5,-474309.5,5021777.350000001
145,/GDAX96000F0.EX,2020-05-14,2020-06-19,CALL,9600.0,942.9,39.74,10337.02,0.9999935172345432,-0.0004015004378743,10.869776483841632,9.094947017729282e-07,0.0,-0.0,0.0,0.0,0.0,0.0,13.240000000000002,-37.0,34887.299999999996,26165.475,0.0,8721.824999999997,5030499.175000001
140,/GDAX94500R0.EX,2020-05-14,2020-06-19,PUT ,9450.0,196.6,41.12,10337.02,0.9999986396906024,-0.0016922896975302,10.70613386537525,0.0,0.0,-0.0,0.0,0.0,0.0,0.0,1.3799999999999955,-44.0,8650.4,6487.799999999999,0.0,2162.6000000000004,5032661.775
206,/GDAX111000R0.EX,2020-05-14,2020-06-19,PUT ,11100.0,880.0,26.15,10337.02,0.0,0.0,0.0,0.0,0.0,0.0,0.0,0.0,0.0,0.0,-14.969999999999999,38.0,-33440.0,0.0,25080.0,-58520.0,5032661.775
28,/GDAX55000R0.EX,2020-05-14,2020-06-19,PUT ,5500.0,4.3,79.69,10337.02,0.9999998881994544,0.0002439384388708,6.470572250699092,-2.7284841053187847e-06,0.0,0.0,0.0,-0.0,0.0,0.0,53.54,-242.0,1040.6,780.4499999999999,0.0,260.15,5032921.925000001
269,/GDAX127000F0.EX,2020-05-14,2020-06-19,CALL,12700.0,1.6,25.87,10337.02,0.0,0.0,0.0,0.0,0.0,0.0,0.0,0.0,0.0,0.0,-53.81999999999999,118.0,-188.8,0.0,141.60000000000002,-330.40000000000003,5032921.925000001
237,/GDAX119000F0.EX,2020-05-14,2020-06-19,CALL,11900.0,9.1,23.25,10337.02,0.0,0.0,0.0,0.0,0.0,0.0,0.0,0.0,0.0,0.0,-2.620000000000001,78.0,-709.8,0.0,532.3499999999999,-1242.1499999999999,5032921.925000001
168,/GDAX101500R0.EX,2020-05-14,2020-06-19,PUT ,10150.0,372.5,34.46,10337.02,0.99938558832946,-0.0368851375242229,10.356356585277354,5.4569682106375694e-06,0.0,-0.0,0.0,0.0,0.0,0.0,11.21,-9.0,3352.5,2514.375,0.0,838.125,5033760.050000001
227,/GDAX116500F0.EX,2020-05-14,2020-06-19,CALL,11650.0,19.1,23.33,10337.02,0.0,0.0,0.0,0.0,0.0,0.0,0.0,0.0,0.0,0.0,-11.130000000000003,66.0,-1260.6000000000001,0.0,945.45,-2206.05,5033760.050000001
234,/GDAX118000R0.EX,2020-05-14,2020-06-19,PUT ,11800.0,1496.3,23.35,10337.02,0.0,0.0,0.0,0.0,0.0,0.0,0.0,0.0,0.0,0.0,0.020000000000003126,73.0,-109229.9,0.0,81922.42499999999,-191152.32499999998,5033760.050000001
243,/GDAX120500F0.EX,2020-05-14,2020-06-19,CALL,12050.0,6.0,23.46,10337.02,0.0,0.0,0.0,0.0,0.0,0.0,0.0,0.0,0.0,0.0,0.10999999999999943,86.0,-516.0,0.0,387.0,-903.0,5033760.050000001
317,/GDAX139000F0.EX,2020-05-14,2020-06-19,CALL,13900.0,0.4,31.03,10337.02,0.0,0.0,0.0,0.0,0.0,0.0,0.0,0.0,0.0,0.0,7.57,178.0,-71.2,0.0,53.400000000000006,-124.60000000000001,5033760.050000001
167,/GDAX101500F0.EX,2020-05-14,2020-06-19,CALL,10150.0,539.7,34.49,10337.02,0.99938558832946,-0.0368851375242229,10.356356585277354,5.4569682106375694e-06,0.0,-0.0,0.0,0.0,0.0,0.0,3.460000000000001,-9.0,4857.3,3642.9750000000004,0.0,1214.3249999999998,5034974.375000001
56,/GDAX72000R0.EX,2020-05-14,2020-06-19,PUT ,7200.0,24.7,62.59,10337.02,1.000002038290404,0.0005089597834739,8.15883258792826,2.2737367544323206e-06,0.0,0.0,0.0,0.0,0.0,0.0,28.1,-157.0,3877.9,2908.425,0.0,969.4749999999999,5035943.850000001
60,/GDAX74000R0.EX,2020-05-14,2020-06-19,PUT ,7400.0,29.9,60.82,10337.02,0.9825238467328744,-0.0001759429778758,8.387774545149796,174.60295657656388,0.0,-0.0,0.0,0.0,0.0,0.0,-1.7700000000000031,-147.0,4395.3,3296.4750000000004,0.0,1098.8249999999998,5037042.675000001
175,/GDAX103500F0.EX,2020-05-14,2020-06-19,CALL,10350.0,414.5,32.57,10337.02,0.1909593979689816,17.326495737233927,-308.78005109436094,0.0001236912794411,0.0,0.0,-0.0,0.0,0.0,0.0,-28.25,1.0,-414.5,0.0,310.875,-725.375,5037042.675000001
64,/GDAX75500R0.EX,2020-05-14,2020-06-19,PUT ,7550.0,34.4,59.39,10337.02,0.9999987099035934,0.0002567212959547,8.558712345303206,5.9117155615240335e-06,0.0,0.0,0.0,0.0,0.0,0.0,26.82,-139.0,4781.599999999999,3586.2,0.0,1195.3999999999996,5038238.075000001
4,/GDAX36000R0.EX,2020-05-14,2020-06-19,PUT ,3600.0,0.4,102.66,10337.02,1.0000002291235432,-4.7375488065881655e-05,4.080130066054608,-4.547473508864641e-06,0.0,-0.0,0.0,-0.0,0.0,0.0,43.269999999999996,-337.0,134.8,101.10000000000001,0.0,33.7,5038271.775000001
235,/GDAX118500F0.EX,2020-05-14,2020-06-19,CALL,11850.0,10.5,23.23,10337.02,0.0,0.0,0.0,0.0,0.0,0.0,0.0,0.0,0.0,0.0,-79.42999999999999,76.0,-798.0,0.0,598.5,-1396.5,5038271.775000001
68,/GDAX76500R0.EX,2020-05-14,2020-06-19,PUT ,7650.0,37.8,58.44,10337.02,0.9999977189181664,0.0006554356787091,8.671575896010381,8.185452315956354e-06,0.0,0.0,0.0,0.0,0.0,0.0,35.209999999999994,-134.0,5065.2,3798.8999999999996,0.0,1266.3000000000002,5039538.075000001
92,/GDAX82500R0.EX,2020-05-15,2020-06-19,PUT ,8250.0,65.1,52.55,10465.17,1.0000001039648183,-1.1986638304300188e-05,9.393968805860368,-1.2031135408169432e-11,128.15001332309112,-0.001536087698696,1203.8371024710027,-1.541790002556908e-09,128.14999999999964,128.14999999999964,-5.890000000000001,17.0,-1106.6999999999998,0.0,830.0249999999999,-1936.7249999999997,5039538.075000001
94,/GDAX83000R0.EX,2020-05-15,2020-06-19,PUT ,8300.0,68.2,52.07,10465.17,1.0000021537052817,0.0004769905899593,9.44801051139484,4.547473508864641e-06,0.0,0.0,0.0,0.0,0.0,0.0,-0.4799999999999969,-108.0,7365.6,5524.200000000001,0.0,1841.3999999999996,5041379.4750000015
107,/GDAX86500F0.EX,2020-05-15,2020-06-19,CALL,8650.0,1762.8,48.81,10465.17,0.9999984282330844,-0.0005610198968497,9.844668997818644,-3.637978807091713e-06,0.0,-0.0,0.0,-0.0,0.0,0.0,-3.259999999999998,-91.0,160414.8,120311.09999999999,0.0,40103.7,5081483.175000002
7,/GDAX41000F0.EX,2020-05-15,2020-06-19,CALL,4100.0,6222.5,115.42,10465.17,1.0000001416756277,0.0005432300440588,4.666296561660147,4.547473508864641e-07,0.0,0.0,0.0,0.0,0.0,0.0,66.61,-318.0,1978755.0,1484066.25,0.0,494688.75,5576171.925000002
91,/GDAX82500F0.EX,2020-05-15,2020-06-19,CALL,8250.0,2133.7,52.81,10465.17,1.0000023929023882,0.0004209491635265,9.393968805860368,9.094947017729282e-07,0.0,0.0,0.0,0.0,0.0,0.0,-62.61,-111.0,236840.69999999998,177630.525,0.0,59210.17499999999,5635382.1000000015
90,/GDAX82000R0.EX,2020-05-15,2020-06-19,PUT ,8200.0,62.2,53.05,10465.17,1.0000023032262106,9.83497557172086e-05,9.329512002909496,-3.637978807091713e-06,0.0,0.0,0.0,-0.0,0.0,0.0,0.23999999999999488,-113.0,7028.6,5271.450000000001,0.0,1757.1499999999996,5637139.250000002
100,/GDAX84500R0.EX,2020-05-15,2020-06-19,PUT ,8450.0,78.5,50.59,10465.17,1.0000012133787095,-0.0024150975150405,9.617019026472915,-9.094947017729282e-07,0.0,-0.0,0.0,-0.0,0.0,0.0,-2.4599999999999937,-101.0,7928.5,5946.375,0.0,1982.125,5639121.375000002
106,/GDAX86000R0.EX,2020-05-15,2020-06-19,PUT ,8600.0,90.3,49.13,10465.17,0.999998552197212,-0.0004548394826997,9.788658897967936,0.0,0.0,-0.0,0.0,0.0,0.0,0.0,-1.4600000000000009,-93.0,8397.9,6298.424999999999,0.0,2099.4750000000004,5641220.8500000015
21,/GDAX48000F0.EX,2020-05-15,2020-06-19,CALL,4800.0,5523.2,98.39,10465.17,1.0000002606830094,0.0001205949956784,5.463082712080677,-2.2737367544323206e-06,0.0,0.0,0.0,-0.0,0.0,0.0,49.26,-283.0,1563065.5999999999,1172299.2,0.0,390766.3999999999,6031987.250000002
9,/GDAX42000F0.EX,2020-05-15,2020-06-19,CALL,4200.0,6122.6,112.74,10465.17,1.000000360136255,-0.0001221962520503,4.7810413618452685,-1.8189894035458565e-06,0.0,-0.0,0.0,-0.0,0.0,0.0,14.349999999999994,-313.0,1916373.8,1437280.35,0.0,479093.44999999995,6511080.700000002
11,/GDAX43000F0.EX,2020-05-15,2020-06-19,CALL,4300.0,6022.6,110.11,10465.17,1.0000002000651875,-6.84216502122581e-05,4.894858935463162,7.73070496506989e-06,0.0,-0.0,0.0,0.0,0.0,0.0,-2.6299999999999955,-308.0,1854960.8,1391220.6,0.0,463740.19999999995,6974820.900000002
104,/GDAX85500R0.EX,2020-05-15,2020-06-19,PUT ,8550.0,86.1,49.62,10465.17,0.9999990551477822,-0.0003956389264203,9.732480386926907,9.094947017729282e-07,0.0,-0.0,0.0,0.0,0.0,0.0,-60.49,-96.0,8265.599999999999,6199.199999999999,0.0,2066.3999999999996,6976887.300000003
16,/GDAX45000R0.EX,2020-05-15,2020-06-19,PUT ,4500.0,1.3,90.41,10465.17,0.99999976359868,3.827831278613303e-05,5.120576012789456,7.275957614183426e-06,0.0,0.0,0.0,0.0,0.0,0.0,40.79,-298.0,387.40000000000003,290.55,0.0,96.85000000000002,6976984.150000002
103,/GDAX85500F0.EX,2020-05-15,2020-06-19,CALL,8550.0,1854.5,49.81,10465.17,0.9999990551477822,-0.0003956389264203,9.732480386926907,9.094947017729282e-07,0.0,-0.0,0.0,0.0,0.0,0.0,-40.599999999999994,-96.0,178032.0,133524.0,0.0,44508.0,7021492.150000002
17,/GDAX46000F0.EX,2020-05-15,2020-06-19,CALL,4600.0,5722.9,102.89,10465.17,0.999999819759978,0.0001473507381888,5.23434022608933,9.094947017729282e-07,0.0,0.0,0.0,0.0,0.0,0.0,53.08,-293.0,1676809.7,1257607.275,0.0,419202.42500000005,7440694.575000002
102,/GDAX85000R0.EX,2020-05-15,2020-06-19,PUT ,8500.0,82.2,50.1,10465.17,1.0000011891861504,-0.0003693109647429,9.67619306110555,-9.094947017729282e-07,0.0,-0.0,0.0,-0.0,0.0,0.0,-52.79,-98.0,8055.6,6041.700000000001,0.0,2013.8999999999996,7442708.475000002
98,/GDAX84000R0.EX,2020-05-15,2020-06-19,PUT ,8400.0,74.9,51.08,10465.17,1.0000009093346307,-3.054583430639468e-05,9.560179448159715,1.8189894035458565e-06,0.0,-0.0,0.0,0.0,0.0,0.0,0.9799999999999969,-103.0,7714.700000000001,5786.025000000001,0.0,1928.6750000000002,7444637.150000002
23,/GDAX49000F0.EX,2020-05-15,2020-06-19,CALL,4900.0,5423.3,96.34,10465.17,0.9999995348607628,0.0002521669102861,5.577273969204384,9.549694368615746e-06,0.0,0.0,0.0,0.0,0.0,0.0,45.260000000000005,-278.0,1507677.4000000001,1130758.05,0.0,376919.3500000001,7821556.500000002
99,/GDAX84500F0.EX,2020-05-15,2020-06-19,CALL,8450.0,1946.9,50.81,10465.17,1.0000012133787095,-0.0024150975150405,9.617019026472915,-9.094947017729282e-07,0.0,-0.0,0.0,-0.0,0.0,0.0,-45.53,-101.0,196636.90000000002,147477.67500000002,0.0,49159.225000000006,7870715.7250000015
19,/GDAX47000F0.EX,2020-05-15,2020-06-19,CALL,4700.0,5623.0,100.78,10465.17,1.0000002718697942,-6.172604116727598e-06,5.348991762774404,4.547473508864641e-07,0.0,-0.0,0.0,0.0,0.0,0.0,49.97,-288.0,1619424.0,1214568.0,0.0,404856.0,8275571.7250000015
31,/GDAX58000F0.EX,2020-05-15,2020-06-19,CALL,5800.0,4526.4,80.47,10465.17,1.0000001424486982,-0.0002392301212239,6.601805905878564,-4.547473508864641e-06,0.0,-0.0,0.0,-0.0,0.0,0.0,-20.310000000000002,-233.0,1054651.2,790988.3999999999,0.0,263662.80000000005,8539234.525000002
66,/GDAX76000R0.EX,2020-05-15,2020-06-19,PUT ,7600.0,36.1,58.93,10465.17,1.0000022805797926,-0.0012894595784018,8.652639468017696,-7.73070496506989e-05,0.0,-0.0,0.0,-0.0,0.0,0.0,-21.54,-143.0,5162.3,3871.7250000000004,0.0,1290.5749999999998,8540525.100000001
36,/GDAX61000R0.EX,2020-05-15,2020-06-19,PUT ,6100.0,8.2,73.1,10465.17,0.9999998840612534,0.0002433429472148,6.941690766246666,-2.2737367544323206e-06,0.0,0.0,0.0,-0.0,0.0,0.0,14.169999999999995,-218.0,1787.6,1340.6999999999998,0.0,446.9000000000001,8540972.000000002
35,/GDAX61000F0.EX,2020-05-15,2020-06-19,CALL,6100.0,4228.4,76.23,10465.17,0.9999998840612534,0.0002433429472148,6.941690766246666,-2.2737367544323206e-06,0.0,0.0,0.0,-0.0,0.0,0.0,3.1300000000000097,-218.0,921791.2,691343.3999999999,0.0,230447.80000000005,8771419.800000003
51,/GDAX69000F0.EX,2020-05-15,2020-06-19,CALL,6900.0,3438.0,66.49,10465.17,0.9999981643431964,-0.0001503513885836,7.855159451255076,10.015730367740616,0.0,-0.0,0.0,0.0,0.0,0.0,-9.740000000000009,-178.0,611964.0,458973.0,0.0,152991.0,8924410.800000003
50,/GDAX68000R0.EX,2020-05-15,2020-06-19,PUT ,6800.0,16.6,66.2,10465.17,0.9999999734645826,-8.3261375039001e-05,7.73744197653923,8.185452315956354e-06,0.0,-0.0,0.0,0.0,0.0,0.0,-0.28999999999999204,-183.0,3037.8,2278.3500000000004,0.0,759.4499999999998,8925170.250000002
53,/GDAX70000F0.EX,2020-05-15,2020-06-19,CALL,7000.0,3339.8,65.46,10465.17,1.0000001112075552,-0.000307644586428,7.969215683243306,5.002220859751105e-06,0.0,-0.0,0.0,0.0,0.0,0.0,-0.7400000000000091,-173.0,577785.4,433339.05000000005,0.0,144446.34999999998,9069616.600000001
72,/GDAX77500R0.EX,2020-05-15,2020-06-19,PUT ,7750.0,41.4,57.46,10465.17,0.999997249982698,0.0002064446107397,8.822977437179361,0.0,0.0,0.0,0.0,0.0,0.0,0.0,-7.999999999999993,-136.0,5630.4,4222.799999999999,0.0,1407.6000000000004,9071024.200000001
52,/GDAX69000R0.EX,2020-05-15,2020-06-19,PUT ,6900.0,18.4,65.28,10465.17,0.9999981643431964,-0.0001503513885836,7.855159451255076,10.015730367740616,0.0,-0.0,0.0,0.0,0.0,0.0,7.82,-178.0,3275.2,2456.3999999999996,0.0,818.8000000000002,9071843.000000002
54,/GDAX70000R0.EX,2020-05-15,2020-06-19,PUT ,7000.0,20.3,64.4,10465.17,1.0000001112075552,-0.000307644586428,7.969215683243306,5.002220859751105e-06,0.0,-0.0,0.0,0.0,0.0,0.0,-0.8799999999999955,-173.0,3511.9,2633.925,0.0,877.9749999999999,9072720.975000001
71,/GDAX77500F0.EX,2020-05-15,2020-06-19,CALL,7750.0,2610.3,57.93,10465.17,0.999997249982698,0.0002064446107397,8.822977437179361,0.0,0.0,0.0,0.0,0.0,0.0,0.0,-6.470000000000006,-136.0,355000.80000000005,266250.60000000003,0.0,88750.20000000001,9161471.175
57,/GDAX73000F0.EX,2020-05-15,2020-06-19,CALL,7300.0,3046.5,62.52,10465.17,1.0000001785556378,0.0005502713975147,8.311530172377616,7.73070496506989e-06,0.0,0.0,0.0,0.0,0.0,0.0,4.590000000000003,-158.0,481347.0,361010.25,0.0,120336.75,9281807.925
70,/GDAX77000R0.EX,2020-05-15,2020-06-19,PUT ,7700.0,39.5,57.96,10465.17,0.9999998660077836,0.0011410125807742,8.767120442230976,9.094947017729282e-07,0.0,0.0,0.0,0.0,0.0,0.0,-4.560000000000002,-138.0,5451.0,4088.25,0.0,1362.75,9283170.675
372,/GDAX175000R0.EX,2020-05-15,2020-06-19,PUT ,17500.0,7188.6,61.89,10465.17,0.0,0.0,0.0,0.0,0.0,0.0,0.0,0.0,0.0,0.0,3.9299999999999997,352.0,-2530387.2,0.0,1897790.4000000001,-4428177.600000001,9283170.675
108,/GDAX86500R0.EX,2020-05-15,2020-06-19,PUT ,8650.0,94.6,48.65,10465.17,0.9999984282330844,-0.0005610198968497,9.844668997818644,-3.637978807091713e-06,0.0,-0.0,0.0,-0.0,0.0,0.0,-13.240000000000002,-91.0,8608.6,6456.450000000001,0.0,2152.1499999999996,9285322.825000001
58,/GDAX73000R0.EX,2020-05-15,2020-06-19,PUT ,7300.0,27.2,61.71,10465.17,1.0000001785556378,0.0005502713975147,8.311530172377616,7.73070496506989e-06,0.0,0.0,0.0,0.0,0.0,0.0,13.060000000000002,-158.0,4297.599999999999,3223.2,0.0,1074.3999999999996,9286397.225000001
61,/GDAX75000F0.EX,2020-05-15,2020-06-19,CALL,7500.0,2852.0,60.5,10465.17,0.9999999501360436,0.0003683346676552,8.53338959806672,-6.821210263296962e-06,0.0,0.0,0.0,-0.0,0.0,0.0,-1.2100000000000009,-148.0,422096.0,316572.0,0.0,105524.0,9391921.225000001
63,/GDAX75500F0.EX,2020-05-15,2020-06-19,CALL,7550.0,2803.6,60.0,10465.17,1.00000043480577,-0.0002990704160765,8.59517300209609,-4.547473508864641e-06,0.0,-0.0,0.0,-0.0,0.0,0.0,-0.5,-146.0,409325.6,306994.19999999995,0.0,102331.40000000002,9494252.625000002
69,/GDAX77000F0.EX,2020-05-15,2020-06-19,CALL,7700.0,2658.5,58.44,10465.17,0.9999998660077836,0.0011410125807742,8.767120442230976,9.094947017729282e-07,0.0,0.0,0.0,0.0,0.0,0.0,-1.5600000000000023,-138.0,366873.0,275154.75,0.0,91718.25,9585970.875000002
62,/GDAX75000R0.EX,2020-05-15,2020-06-19,PUT ,7500.0,32.9,59.88,10465.17,0.9999999501360436,0.0003683346676552,8.53338959806672,-6.821210263296962e-06,0.0,0.0,0.0,-0.0,0.0,0.0,1.4400000000000048,-148.0,4869.2,3651.8999999999996,0.0,1217.3000000000002,9587188.175000003
370,/GDAX170000R0.EX,2020-05-15,2020-06-19,PUT ,17000.0,6688.2,58.55,10465.17,0.0,0.0,0.0,0.0,0.0,0.0,0.0,0.0,0.0,0.0,-1.3300000000000054,327.0,-2187041.4,0.0,1640281.0499999998,-3827322.4499999997,9587188.175000003
376,/GDAX185000R0.EX,2020-05-15,2020-06-19,PUT ,18500.0,8189.4,68.53,10465.17,0.0,0.0,0.0,0.0,0.0,0.0,0.0,0.0,0.0,0.0,9.980000000000004,402.0,-3292138.8,0.0,2469104.0999999996,-5761242.899999999,9587188.175000003
74,/GDAX78000R0.EX,2020-05-15,2020-06-19,PUT ,7800.0,43.3,56.97,10465.17,1.0000000545005605,-0.0001705444446997,8.877536551156027,3.637978807091713e-06,0.0,-0.0,0.0,0.0,0.0,0.0,-11.560000000000002,-133.0,5758.9,4319.174999999999,0.0,1439.7250000000004,9588627.900000002
75,/GDAX78500F0.EX,2020-05-15,2020-06-19,CALL,7850.0,2514.2,56.9,10465.17,0.9999999454976204,-0.0010867722721741,8.933952787105227,5.9117155615240335e-06,0.0,-0.0,0.0,0.0,0.0,0.0,-0.07000000000000028,-131.0,329360.19999999995,247020.14999999997,0.0,82340.04999999999,9670967.950000003
76,/GDAX78500R0.EX,2020-05-15,2020-06-19,PUT ,7850.0,45.3,56.46,10465.17,0.9999999454976204,-0.0010867722721741,8.933952787105227,5.9117155615240335e-06,0.0,-0.0,0.0,0.0,0.0,0.0,-0.4399999999999977,-131.0,5934.299999999999,4450.724999999999,0.0,1483.5749999999998,9672451.525000002
32,/GDAX58000R0.EX,2020-05-15,2020-06-19,PUT ,5800.0,6.0,76.2,10465.17,1.0000001424486982,-0.0002392301212239,6.601805905878564,-4.547473508864641e-06,0.0,-0.0,0.0,-0.0,0.0,0.0,19.740000000000002,-233.0,1398.0,1048.5,0.0,349.5,9672801.025000002
37,/GDAX62000F0.EX,2020-05-15,2020-06-19,CALL,6200.0,4129.2,74.85,10465.17,0.9999999375850166,0.0002409972239547,7.059075745561017,-8.185452315956354e-06,0.0,0.0,0.0,-0.0,0.0,0.0,-1.3500000000000085,-213.0,879519.6,659639.7,0.0,219879.90000000002,9892680.925000003
87,/GDAX81500F0.EX,2020-05-15,2020-06-19,CALL,8150.0,2228.1,53.82,10465.17,1.0000019329254428,-0.000392817401007,9.28222416917174,0.0,0.0,-0.0,0.0,0.0,0.0,0.0,-21.029999999999994,-116.0,258459.59999999998,193844.69999999998,0.0,64614.899999999994,9957295.825000003
34,/GDAX60000R0.EX,2020-05-15,2020-06-19,PUT ,6000.0,7.4,74.23,10465.17,0.9999998683724698,0.000216803209696,6.829188651257709,0.0,0.0,0.0,0.0,0.0,0.0,0.0,20.410000000000004,-223.0,1650.2,1237.65,0.0,412.54999999999995,9957708.375000004
39,/GDAX63000F0.EX,2020-05-15,2020-06-19,CALL,6300.0,4030.1,73.55,10465.17,0.9999999563206076,-0.0004465929123398,7.171443637494349,-1.8189894035458565e-06,0.0,-0.0,0.0,-0.0,0.0,0.0,-0.6800000000000068,-208.0,838260.7999999999,628695.6,0.0,209565.19999999995,10167273.575000003
67,/GDAX76500F0.EX,2020-05-15,2020-06-19,CALL,7650.0,2706.8,58.97,10465.17,1.0000000026593625,-0.0004085769433004,8.70689010729825,-1.000444171950221e-05,0.0,-0.0,0.0,-0.0,0.0,0.0,-14.579999999999998,-141.0,381658.80000000005,286244.10000000003,0.0,95414.70000000001,10262688.275000002
83,/GDAX80500F0.EX,2020-05-15,2020-06-19,CALL,8050.0,2323.0,54.84,10465.17,1.0000053267503972,0.0004966473170497,9.1621566999778,-1.8189894035458565e-06,0.0,0.0,0.0,-0.0,0.0,0.0,-4.1299999999999955,-121.0,281083.0,210812.25,0.0,70270.75,10332959.025000002
368,/GDAX165000R0.EX,2020-05-15,2020-06-19,PUT ,16500.0,6187.8,54.88,10465.17,0.0,0.0,0.0,0.0,0.0,0.0,0.0,0.0,0.0,0.0,0.03999999999999915,302.0,-1868715.6,0.0,1401536.7000000002,-3270252.3000000003,10332959.025000002
33,/GDAX60000F0.EX,2020-05-15,2020-06-19,CALL,6000.0,4327.7,77.58,10465.17,0.9999998683724698,0.000216803209696,6.829188651257709,0.0,0.0,0.0,0.0,0.0,0.0,0.0,22.699999999999996,-223.0,965077.1,723807.825,0.0,241269.27500000002,10574228.300000003
82,/GDAX80000R0.EX,2020-05-15,2020-06-19,PUT ,8000.0,51.8,55.01,10465.17,1.0000057275647125,0.0004363858806755,9.107183061366529,-3.637978807091713e-06,0.0,0.0,0.0,-0.0,0.0,0.0,-22.57,-123.0,6371.4,4778.549999999999,0.0,1592.8500000000004,10575821.150000002
81,/GDAX80000F0.EX,2020-05-15,2020-06-19,CALL,8000.0,2370.6,55.36,10465.17,1.0000057275647125,0.0004363858806755,9.107183061366529,-3.637978807091713e-06,0.0,0.0,0.0,-0.0,0.0,0.0,0.3500000000000014,-123.0,291583.8,218687.84999999998,0.0,72895.95000000001,10648717.100000001
80,/GDAX79500R0.EX,2020-05-15,2020-06-19,PUT ,7950.0,49.6,55.5,10465.17,1.0000046264849516,0.0001963242084457,9.04690192533019,-1.3642420526593924e-06,0.0,0.0,0.0,-0.0,0.0,0.0,0.14000000000000057,-126.0,6249.6,4687.200000000001,0.0,1562.3999999999996,10650279.500000002
79,/GDAX79500F0.EX,2020-05-15,2020-06-19,CALL,7950.0,2418.4,55.86,10465.17,1.0000046264849516,0.0001963242084457,9.04690192533019,-1.3642420526593924e-06,0.0,0.0,0.0,-0.0,0.0,0.0,0.35999999999999943,-126.0,304718.4,228538.80000000002,0.0,76179.6,10726459.100000001
45,/GDAX66000F0.EX,2020-05-15,2020-06-19,CALL,6600.0,3733.4,69.89,10465.17,1.0000014226534404,-3.4358026823611e-05,7.510472435826045,4.547473508864641e-06,0.0,-0.0,0.0,0.0,0.0,0.0,14.030000000000001,-193.0,720546.2000000001,540409.65,0.0,180136.55000000005,10906595.650000002
78,/GDAX79000R0.EX,2020-05-15,2020-06-19,PUT ,7900.0,47.4,55.99,10465.17,0.9999994053032424,0.0008411885573877,8.98974646292345,0.0,0.0,0.0,0.0,0.0,0.0,0.0,-13.899999999999999,-128.0,6067.2,4550.4,0.0,1516.8000000000002,10908112.450000003
77,/GDAX79000F0.EX,2020-05-15,2020-06-19,CALL,7900.0,2466.2,56.39,10465.17,0.9999994053032424,0.0008411885573877,8.98974646292345,0.0,0.0,0.0,0.0,0.0,0.0,0.0,0.3999999999999986,-128.0,315673.6,236755.19999999998,0.0,78918.4,10987030.850000003
44,/GDAX65000R0.EX,2020-05-15,2020-06-19,PUT ,6500.0,12.3,69.12,10465.17,0.999999910391125,0.0002797743036353,7.401240696548598,-6.821210263296962e-06,0.0,0.0,0.0,-0.0,0.0,0.0,12.730000000000004,-198.0,2435.4,1826.5500000000002,0.0,608.8499999999999,10987639.700000003
47,/GDAX67000F0.EX,2020-05-15,2020-06-19,CALL,6700.0,3634.8,68.69,10465.17,0.9999998318107828,0.0004362962954473,7.626366291390013,9.094947017729282e-07,0.0,0.0,0.0,0.0,0.0,0.0,-0.4300000000000068,-188.0,683342.4,512506.80000000005,0.0,170835.59999999998,11158475.300000003
43,/GDAX65000F0.EX,2020-05-15,2020-06-19,CALL,6500.0,3832.2,71.03,10465.17,0.999999910391125,0.0002797743036353,7.401240696548598,-6.821210263296962e-06,0.0,0.0,0.0,-0.0,0.0,0.0,2.3400000000000034,-198.0,758775.6,569081.7,0.0,189693.90000000002,11348169.200000003
233,/GDAX118000F0.EX,2020-05-15,2020-06-19,CALL,11800.0,12.2,23.22,10465.17,0.0,0.0,0.0,0.0,0.0,0.0,0.0,0.0,0.0,0.0,-47.81,67.0,-817.4,0.0,613.05,-1430.4499999999998,11348169.200000003
328,/GDAX141500R0.EX,2020-05-15,2020-06-19,PUT ,14150.0,3836.2,37.13,10465.17,0.0,0.0,0.0,0.0,0.0,0.0,0.0,0.0,0.0,0.0,13.910000000000004,184.0,-705860.7999999999,0.0,529395.6,-1235256.4,11348169.200000003
111,/GDAX87500F0.EX,2020-05-15,2020-06-19,CALL,8750.0,1672.0,47.83,10465.17,1.0000005780057108,-0.0004806324795936,9.956107980129218,-8.185452315956354e-06,0.0,-0.0,0.0,-0.0,0.0,0.0,10.699999999999996,-86.0,143792.0,107844.0,0.0,35948.0,11384117.200000003
205,/GDAX111000F0.EX,2020-05-15,2020-06-19,CALL,11100.0,96.4,26.14,10465.17,0.0,0.0,0.0,0.0,0.0,0.0,0.0,0.0,0.0,0.0,-21.689999999999998,32.0,-3084.8,0.0,2313.6000000000004,-5398.400000000001,11384117.200000003
266,/GDAX126000R0.EX,2020-05-15,2020-06-19,PUT ,12600.0,2286.6,26.25,10465.17,0.0,0.0,0.0,0.0,0.0,0.0,0.0,0.0,0.0,0.0,0.10999999999999943,107.0,-244666.19999999998,0.0,183499.65,-428165.85,11384117.200000003
273,/GDAX128000F0.EX,2020-05-15,2020-06-19,CALL,12800.0,1.4,26.34,10465.17,0.0,0.0,0.0,0.0,0.0,0.0,0.0,0.0,0.0,0.0,0.08999999999999986,117.0,-163.79999999999998,0.0,122.85,-286.65,11384117.200000003
203,/GDAX110500F0.EX,2020-05-15,2020-06-19,CALL,11050.0,109.4,26.5,10465.17,0.0,0.0,0.0,0.0,0.0,0.0,0.0,0.0,0.0,0.0,0.16000000000000014,29.0,-3172.6000000000004,0.0,2379.4500000000003,-5552.050000000001,11384117.200000003
201,/GDAX110000F0.EX,2020-05-15,2020-06-19,CALL,11000.0,123.6,26.89,10465.17,0.0,0.0,0.0,0.0,0.0,0.0,0.0,0.0,0.0,0.0,0.39000000000000057,27.0,-3337.2,0.0,2502.8999999999996,-5840.099999999999,11384117.200000003
202,/GDAX110000R0.EX,2020-05-15,2020-06-19,PUT ,11000.0,807.1,26.89,10465.17,0.0,0.0,0.0,0.0,0.0,0.0,0.0,0.0,0.0,0.0,0.0,27.0,-21791.7,0.0,16343.775000000001,-38135.475000000006,11384117.200000003
199,/GDAX109500F0.EX,2020-05-15,2020-06-19,CALL,10950.0,138.9,27.27,10465.17,0.0281725860077131,-0.0055810651247156,-113.73220028715129,1.8189894035458565e-06,0.0,-0.0,-0.0,0.0,0.0,0.0,0.379999999999999,24.0,-3333.6000000000004,0.0,2500.2000000000003,-5833.800000000001,11384117.200000003
281,/GDAX130000F0.EX,2020-05-15,2020-06-19,CALL,13000.0,1.0,27.4,10465.17,0.0,0.0,0.0,0.0,0.0,0.0,0.0,0.0,0.0,0.0,0.129999999999999,127.0,-127.0,0.0,95.25,-222.25,11384117.200000003
197,/GDAX109000F0.EX,2020-05-15,2020-06-19,CALL,10900.0,155.3,27.65,10465.17,0.0295970326988026,-0.0062529358729079,-127.44508834465614,-4.547473508864641e-06,0.0,-0.0,-0.0,-0.0,0.0,0.0,0.25,22.0,-3416.6000000000004,0.0,2562.4500000000003,-5979.050000000001,11384117.200000003
195,/GDAX108500F0.EX,2020-05-15,2020-06-19,CALL,10850.0,172.9,28.05,10465.17,0.0309144138554984,-0.0066609542045625,-141.85204934135163,-2.7284841053187847e-06,0.0,-0.0,-0.0,-0.0,0.0,0.0,0.40000000000000213,19.0,-3285.1,0.0,2463.825,-5748.924999999999,11384117.200000003
194,/GDAX108000R0.EX,2020-05-15,2020-06-19,PUT ,10800.0,675.0,28.44,10465.17,0.0321167372931086,-0.0068362411184352,-156.90311936095782,9.094947017729282e-07,0.0,-0.0,-0.0,0.0,0.0,0.0,0.39000000000000057,17.0,-11475.0,0.0,8606.25,-20081.25,11384117.200000003
193,/GDAX108000F0.EX,2020-05-15,2020-06-19,CALL,10800.0,191.6,28.44,10465.17,0.0321167372931086,-0.0068362411184352,-156.90311936095782,9.094947017729282e-07,0.0,-0.0,-0.0,0.0,0.0,0.0,0.0,17.0,-3257.2,0.0,2442.8999999999996,-5700.099999999999,11384117.200000003
264,/GDAX125500R0.EX,2020-05-15,2020-06-19,PUT ,12550.0,2236.7,25.97,10465.17,0.0,0.0,0.0,0.0,0.0,0.0,0.0,0.0,0.0,0.0,-2.4700000000000024,104.0,-232616.8,0.0,174462.59999999998,-407079.39999999997,11384117.200000003
282,/GDAX130000R0.EX,2020-05-15,2020-06-19,PUT ,13000.0,2686.1,28.71,10465.17,0.0,0.0,0.0,0.0,0.0,0.0,0.0,0.0,0.0,0.0,2.740000000000002,127.0,-341134.7,0.0,255851.02500000002,-596985.7250000001,11384117.200000003
192,/GDAX107500R0.EX,2020-05-15,2020-06-19,PUT ,10750.0,645.1,28.87,10465.17,0.0331994871885399,-0.0067779166784021,-172.54754890138545,-9.094947017729282e-07,0.0,-0.0,-0.0,-0.0,0.0,0.0,0.16000000000000014,14.0,-9031.4,0.0,6773.549999999999,-15804.949999999999,11384117.200000003
190,/GDAX107000R0.EX,2020-05-15,2020-06-19,PUT ,10700.0,616.3,29.29,10465.17,0.0341621741426934,-0.0056694078011787,-188.7315533020173,-3.637978807091713e-06,0.0,-0.0,-0.0,-0.0,0.0,0.0,0.41999999999999815,12.0,-7395.599999999999,0.0,5546.7,-12942.3,11384117.200000003
189,/GDAX107000F0.EX,2020-05-15,2020-06-19,CALL,10700.0,233.0,29.29,10465.17,0.0341621741426934,-0.0056694078011787,-188.7315533020173,-3.637978807091713e-06,0.0,-0.0,-0.0,-0.0,0.0,0.0,0.0,12.0,-2796.0,0.0,2097.0,-4893.0,11384117.200000003
286,/GDAX131000R0.EX,2020-05-15,2020-06-19,PUT ,13100.0,2786.0,29.4,10465.17,0.0,0.0,0.0,0.0,0.0,0.0,0.0,0.0,0.0,0.0,0.10999999999999943,132.0,-367752.0,0.0,275814.0,-643566.0,11384117.200000003
188,/GDAX106500R0.EX,2020-05-15,2020-06-19,PUT ,10650.0,588.9,29.73,10465.17,0.0350254490513179,0.0120261417578149,-205.4198552462424,2.7284841053187847e-06,0.0,0.0,-0.0,0.0,0.0,0.0,0.33000000000000185,9.0,-5300.099999999999,0.0,3975.075,-9275.175,11384117.200000003
187,/GDAX106500F0.EX,2020-05-15,2020-06-19,CALL,10650.0,255.7,29.74,10465.17,0.0350254490513179,0.0120261417578149,-205.4198552462424,2.7284841053187847e-06,0.0,0.0,-0.0,0.0,0.0,0.0,0.00999999999999801,9.0,-2301.2999999999997,0.0,1725.975,-4027.2749999999996,11384117.200000003
305,/GDAX136000F0.EX,2020-05-15,2020-06-19,CALL,13600.0,0.5,30.16,10465.17,0.0,0.0,0.0,0.0,0.0,0.0,0.0,0.0,0.0,0.0,0.4200000000000017,157.0,-78.5,0.0,58.875,-137.375,11384117.200000003
185,/GDAX106000F0.EX,2020-05-15,2020-06-19,CALL,10600.0,279.4,30.19,10465.17,0.0361547997272282,0.2670522833795985,-222.8960332655101,1.8189894035458565e-06,0.0,0.0,-0.0,0.0,0.0,0.0,0.030000000000001137,7.0,-1955.7999999999997,0.0,1466.85,-3422.6499999999996,11384117.200000003
186,/GDAX106000R0.EX,2020-05-15,2020-06-19,PUT ,10600.0,562.6,30.19,10465.17,0.0361547997272282,0.2670522833795985,-222.8960332655101,1.8189894035458565e-06,0.0,0.0,-0.0,0.0,0.0,0.0,0.0,7.0,-3938.2000000000003,0.0,2953.65,-6891.85,11384117.200000003
290,/GDAX132000R0.EX,2020-05-15,2020-06-19,PUT ,13200.0,2886.0,30.21,10465.17,0.0,0.0,0.0,0.0,0.0,0.0,0.0,0.0,0.0,0.0,0.019999999999999574,137.0,-395382.0,0.0,296536.5,-691918.5,11384117.200000003
184,/GDAX105500R0.EX,2020-05-15,2020-06-19,PUT ,10550.0,537.6,30.67,10465.17,0.0427511898124066,2.8650996807300544,-244.82068118374195,1.546140993013978e-05,0.0,0.0,-0.0,0.0,0.0,0.0,0.46000000000000085,4.0,-2150.4,0.0,1612.8000000000002,-3763.2000000000003,11384117.200000003
183,/GDAX105500F0.EX,2020-05-15,2020-06-19,CALL,10550.0,304.4,30.68,10465.17,0.0427511898124066,2.8650996807300544,-244.82068118374195,1.546140993013978e-05,0.0,0.0,-0.0,0.0,0.0,0.0,0.00999999999999801,4.0,-1217.6,0.0,913.1999999999999,-2130.7999999999997,11384117.200000003
191,/GDAX107500F0.EX,2020-05-15,2020-06-19,CALL,10750.0,211.8,28.86,10465.17,0.0331994871885399,-0.0067779166784021,-172.54754890138545,-9.094947017729282e-07,0.0,-0.0,-0.0,-0.0,0.0,0.0,-1.8200000000000003,14.0,-2965.2000000000003,0.0,2223.9,-5189.1,11384117.200000003
313,/GDAX138000F0.EX,2020-05-15,2020-06-19,CALL,13800.0,0.4,30.82,10465.17,0.0,0.0,0.0,0.0,0.0,0.0,0.0,0.0,0.0,0.0,1.9600000000000009,167.0,-66.8,0.0,50.099999999999994,-116.89999999999999,11384117.200000003
207,/GDAX111500F0.EX,2020-05-15,2020-06-19,CALL,11150.0,84.4,25.77,10465.17,0.0,0.0,0.0,0.0,0.0,0.0,0.0,0.0,0.0,0.0,-5.050000000000001,34.0,-2869.6000000000004,0.0,2152.2000000000003,-5021.800000000001,11384117.200000003
210,/GDAX112000R0.EX,2020-05-15,2020-06-19,PUT ,11200.0,957.0,25.4,10465.17,0.0,0.0,0.0,0.0,0.0,0.0,0.0,0.0,0.0,0.0,-0.370000000000001,37.0,-35409.0,0.0,26556.75,-61965.75,11384117.200000003
231,/GDAX117500F0.EX,2020-05-15,2020-06-19,CALL,11750.0,14.2,23.23,10465.17,0.0,0.0,0.0,0.0,0.0,0.0,0.0,0.0,0.0,0.0,-2.169999999999998,64.0,-908.8,0.0,681.5999999999999,-1590.3999999999999,11384117.200000003
229,/GDAX117000F0.EX,2020-05-15,2020-06-19,CALL,11700.0,16.5,23.26,10465.17,0.0,0.0,0.0,0.0,0.0,0.0,0.0,0.0,0.0,0.0,0.030000000000001137,62.0,-1023.0,0.0,767.25,-1790.25,11384117.200000003
239,/GDAX119500F0.EX,2020-05-15,2020-06-19,CALL,11950.0,7.9,23.32,10465.17,0.0,0.0,0.0,0.0,0.0,0.0,0.0,0.0,0.0,0.0,0.05999999999999872,74.0,-584.6,0.0,438.45000000000005,-1023.0500000000001,11384117.200000003
241,/GDAX120000F0.EX,2020-05-15,2020-06-19,CALL,12000.0,6.8,23.4,10465.17,0.0,0.0,0.0,0.0,0.0,0.0,0.0,0.0,0.0,0.0,0.0799999999999983,77.0,-523.6,0.0,392.70000000000005,-916.3000000000001,11384117.200000003
225,/GDAX116000F0.EX,2020-05-15,2020-06-19,CALL,11600.0,22.2,23.41,10465.17,0.0,0.0,0.0,0.0,0.0,0.0,0.0,0.0,0.0,0.0,0.010000000000001563,57.0,-1265.3999999999999,0.0,949.05,-2214.45,11384117.200000003
238,/GDAX119000R0.EX,2020-05-15,2020-06-19,PUT ,11900.0,1593.3,23.42,10465.17,0.0,0.0,0.0,0.0,0.0,0.0,0.0,0.0,0.0,0.0,0.010000000000001563,72.0,-114717.59999999999,0.0,86038.2,-200755.8,11384117.200000003
226,/GDAX116000R0.EX,2020-05-15,2020-06-19,PUT ,11600.0,1306.2,23.46,10465.17,0.0,0.0,0.0,0.0,0.0,0.0,0.0,0.0,0.0,0.0,0.03999999999999915,57.0,-74453.40000000001,0.0,55840.05,-130293.45000000001,11384117.200000003
223,/GDAX115500F0.EX,2020-05-15,2020-06-19,CALL,11550.0,25.8,23.51,10465.17,0.0,0.0,0.0,0.0,0.0,0.0,0.0,0.0,0.0,0.0,0.05000000000000071,54.0,-1393.2,0.0,1044.9,-2438.1000000000004,11384117.200000003
245,/GDAX121000F0.EX,2020-05-15,2020-06-19,CALL,12100.0,5.2,23.56,10465.17,0.0,0.0,0.0,0.0,0.0,0.0,0.0,0.0,0.0,0.0,0.04999999999999716,82.0,-426.40000000000003,0.0,319.8,-746.2,11384117.200000003
242,/GDAX120000R0.EX,2020-05-15,2020-06-19,PUT ,12000.0,1691.1,23.59,10465.17,0.0,0.0,0.0,0.0,0.0,0.0,0.0,0.0,0.0,0.0,0.030000000000001137,77.0,-130214.7,0.0,97661.025,-227875.72499999998,11384117.200000003
221,/GDAX115000F0.EX,2020-05-15,2020-06-19,CALL,11500.0,30.0,23.65,10465.17,0.0,0.0,0.0,0.0,0.0,0.0,0.0,0.0,0.0,0.0,0.05999999999999872,52.0,-1560.0,0.0,1170.0,-2730.0,11384117.200000003
222,/GDAX115000R0.EX,2020-05-15,2020-06-19,PUT ,11500.0,1213.9,23.7,10465.17,0.0,0.0,0.0,0.0,0.0,0.0,0.0,0.0,0.0,0.0,0.05000000000000071,52.0,-63122.8,0.0,47342.100000000006,-110464.90000000001,11384117.200000003
262,/GDAX125000R0.EX,2020-05-15,2020-06-19,PUT ,12500.0,2186.9,25.68,10465.17,0.0,0.0,0.0,0.0,0.0,0.0,0.0,0.0,0.0,0.0,1.9800000000000004,102.0,-223063.80000000002,0.0,167297.85,-390361.65,11384117.200000003
244,/GDAX120500R0.EX,2020-05-15,2020-06-19,PUT ,12050.0,1740.3,23.71,10465.17,0.0,0.0,0.0,0.0,0.0,0.0,0.0,0.0,0.0,0.0,-1.9699999999999989,79.0,-137483.69999999998,0.0,103112.775,-240596.47499999998,11384117.200000003
251,/GDAX122500F0.EX,2020-05-15,2020-06-19,CALL,12250.0,3.6,24.02,10465.17,0.0,0.0,0.0,0.0,0.0,0.0,0.0,0.0,0.0,0.0,0.3099999999999987,89.0,-320.40000000000003,0.0,240.3,-560.7,11384117.200000003
217,/GDAX114000F0.EX,2020-05-15,2020-06-19,CALL,11400.0,40.5,24.06,10465.17,0.0,0.0,0.0,0.0,0.0,0.0,0.0,0.0,0.0,0.0,0.03999999999999915,47.0,-1903.5,0.0,1427.625,-3331.125,11384117.200000003
215,/GDAX113500F0.EX,2020-05-15,2020-06-19,CALL,11350.0,47.1,24.34,10465.17,0.0,0.0,0.0,0.0,0.0,0.0,0.0,0.0,0.0,0.0,0.28000000000000114,44.0,-2072.4,0.0,1554.3000000000002,-3626.7000000000003,11384117.200000003
216,/GDAX113500R0.EX,2020-05-15,2020-06-19,PUT ,11350.0,1080.9,24.39,10465.17,0.0,0.0,0.0,0.0,0.0,0.0,0.0,0.0,0.0,0.0,0.05000000000000071,44.0,-47559.600000000006,0.0,35669.700000000004,-83229.30000000002,11384117.200000003
257,/GDAX124000F0.EX,2020-05-15,2020-06-19,CALL,12400.0,2.6,24.54,10465.17,0.0,0.0,0.0,0.0,0.0,0.0,0.0,0.0,0.0,0.0,0.14999999999999858,97.0,-252.20000000000002,0.0,189.15,-441.35,11384117.200000003
254,/GDAX123000R0.EX,2020-05-15,2020-06-19,PUT ,12300.0,1987.7,24.64,10465.17,0.0,0.0,0.0,0.0,0.0,0.0,0.0,0.0,0.0,0.0,0.10000000000000142,92.0,-182868.4,0.0,137151.3,-320019.69999999995,11384117.200000003
213,/GDAX113000F0.EX,2020-05-15,2020-06-19,CALL,11300.0,54.7,24.67,10465.17,0.0,0.0,0.0,0.0,0.0,0.0,0.0,0.0,0.0,0.0,0.030000000000001137,42.0,-2297.4,0.0,1723.0500000000002,-4020.4500000000003,11384117.200000003
214,/GDAX113000R0.EX,2020-05-15,2020-06-19,PUT ,11300.0,1038.5,24.69,10465.17,0.0,0.0,0.0,0.0,0.0,0.0,0.0,0.0,0.0,0.0,0.019999999999999574,42.0,-43617.0,0.0,32712.75,-76329.75,11384117.200000003
261,/GDAX125000F0.EX,2020-05-15,2020-06-19,CALL,12500.0,2.2,24.94,10465.17,0.0,0.0,0.0,0.0,0.0,0.0,0.0,0.0,0.0,0.0,0.25,102.0,-224.4,0.0,168.3,-392.70000000000005,11384117.200000003
211,/GDAX112500F0.EX,2020-05-15,2020-06-19,CALL,11250.0,63.5,25.01,10465.17,0.0,0.0,0.0,0.0,0.0,0.0,0.0,0.0,0.0,0.0,0.07000000000000028,39.0,-2476.5,0.0,1857.375,-4333.875,11384117.200000003
212,/GDAX112500R0.EX,2020-05-15,2020-06-19,PUT ,11250.0,997.2,25.03,10465.17,0.0,0.0,0.0,0.0,0.0,0.0,0.0,0.0,0.0,0.0,0.019999999999999574,39.0,-38890.8,0.0,29168.100000000002,-68058.90000000001,11384117.200000003
209,/GDAX112000F0.EX,2020-05-15,2020-06-19,CALL,11200.0,73.4,25.39,10465.17,0.0,0.0,0.0,0.0,0.0,0.0,0.0,0.0,0.0,0.0,0.35999999999999943,37.0,-2715.8,0.0,2036.8500000000001,-4752.650000000001,11384117.200000003
219,/GDAX114500F0.EX,2020-05-15,2020-06-19,CALL,11450.0,34.8,23.83,10465.17,0.0,0.0,0.0,0.0,0.0,0.0,0.0,0.0,0.0,0.0,-1.5600000000000023,49.0,-1705.1999999999998,0.0,1278.8999999999999,-2984.0999999999995,11384117.200000003
110,/GDAX87000R0.EX,2020-05-15,2020-06-19,PUT ,8700.0,99.1,48.16,10465.17,0.999998678889824,-0.0005486495865625,9.900431401657896,3.637978807091713e-06,0.0,-0.0,0.0,0.0,0.0,0.0,24.33,-88.0,8720.8,6540.599999999999,0.0,2180.2,11386297.400000002
182,/GDAX105000R0.EX,2020-05-15,2020-06-19,PUT ,10500.0,513.6,31.14,10465.17,0.1034942731166665,14.13391896567191,-289.18134768762707,9.458744898438454e-05,0.0,0.0,-0.0,0.0,0.0,0.0,-17.019999999999996,2.0,-1027.2,0.0,770.4000000000001,-1797.6000000000001,11386297.400000002
180,/GDAX104500R0.EX,2020-05-15,2020-06-19,PUT ,10450.0,490.6,31.61,10465.17,0.385761098277726,7.497045383297518,-314.2908182240699,7.912603905424476e-05,0.0,0.0,-0.0,0.0,0.0,0.0,0.46999999999999886,-1.0,490.6,367.95000000000005,0.0,122.64999999999998,11386420.050000003
146,/GDAX96000R0.EX,2020-05-15,2020-06-19,PUT ,9600.0,225.3,39.69,10465.17,0.9999987501942088,0.0005492774107551,10.928119929158584,0.0,0.0,0.0,0.0,0.0,0.0,0.0,8.079999999999998,-43.0,9687.9,7265.924999999999,0.0,2421.9750000000004,11388842.025000002
344,/GDAX145500R0.EX,2020-05-15,2020-06-19,PUT ,14550.0,4236.5,40.05,10465.17,0.0,0.0,0.0,0.0,0.0,0.0,0.0,0.0,0.0,0.0,0.35999999999999943,204.0,-864246.0,0.0,648184.5,-1512430.5,11388842.025000002
142,/GDAX95000R0.EX,2020-05-15,2020-06-19,PUT ,9500.0,205.7,40.63,10465.17,0.9999986627008184,-0.0010092599950439,10.809680969911824,9.094947017729282e-07,0.0,-0.0,0.0,0.0,0.0,0.0,0.5800000000000054,-48.0,9873.599999999999,7405.199999999999,0.0,2468.3999999999996,11391310.425000003
141,/GDAX95000F0.EX,2020-05-15,2020-06-19,CALL,9500.0,1023.3,40.69,10465.17,0.9999986627008184,-0.0010092599950439,10.809680969911824,9.094947017729282e-07,0.0,-0.0,0.0,0.0,0.0,0.0,0.05999999999999517,-48.0,49118.399999999994,36838.799999999996,0.0,12279.599999999999,11403590.025000002
139,/GDAX94500F0.EX,2020-05-15,2020-06-19,CALL,9450.0,1064.2,41.18,10465.17,1.0000029690672818,-0.001091852391255,10.757382956745232,-2.7284841053187847e-06,0.0,-0.0,0.0,-0.0,0.0,0.0,0.490000000000002,-51.0,54274.200000000004,40705.65,0.0,13568.550000000003,11417158.575000003
350,/GDAX147000R0.EX,2020-05-15,2020-06-19,PUT ,14700.0,4386.6,41.25,10465.17,0.0,0.0,0.0,0.0,0.0,0.0,0.0,0.0,0.0,0.0,0.07000000000000028,212.0,-929959.2000000001,0.0,697469.4,-1627428.6,11417158.575000003
138,/GDAX94000R0.EX,2020-05-15,2020-06-19,PUT ,9400.0,187.8,41.58,10465.17,1.000002887485607,-0.0009072098691831,10.69847510499335,2.7284841053187847e-06,0.0,-0.0,0.0,0.0,0.0,0.0,0.3299999999999983,-53.0,9953.400000000001,7465.050000000001,0.0,2488.3500000000004,11419646.925000003
352,/GDAX147500R0.EX,2020-05-15,2020-06-19,PUT ,14750.0,4436.6,41.58,10465.17,0.0,0.0,0.0,0.0,0.0,0.0,0.0,0.0,0.0,0.0,0.0,214.0,-949432.4,0.0,712074.3,-1661506.7000000002,11419646.925000003
137,/GDAX94000F0.EX,2020-05-15,2020-06-19,CALL,9400.0,1105.5,41.65,10465.17,1.000002887485607,-0.0009072098691831,10.69847510499335,2.7284841053187847e-06,0.0,-0.0,0.0,0.0,0.0,0.0,0.07000000000000028,-53.0,58591.5,43943.625,0.0,14647.875,11434294.800000003
136,/GDAX93500R0.EX,2020-05-15,2020-06-19,PUT ,9350.0,179.5,42.06,10465.17,1.0000020608458726,-0.0005085009433969,10.642386113970131,0.0,0.0,-0.0,0.0,0.0,0.0,0.0,0.4100000000000037,-56.0,10052.0,7539.0,0.0,2513.0,11436807.800000003
356,/GDAX148500R0.EX,2020-05-15,2020-06-19,PUT ,14850.0,4536.7,42.45,10465.17,0.0,0.0,0.0,0.0,0.0,0.0,0.0,0.0,0.0,0.0,0.39000000000000057,219.0,-993537.2999999999,0.0,745152.975,-1738690.275,11436807.800000003
134,/GDAX93000R0.EX,2020-05-15,2020-06-19,PUT ,9300.0,171.5,42.53,10465.17,1.0000006924201443,3.911482053808868e-05,10.58568818040112,3.637978807091713e-06,0.0,0.0,0.0,0.0,0.0,0.0,0.0799999999999983,-58.0,9947.0,7460.25,0.0,2486.75,11439294.550000003
340,/GDAX144500R0.EX,2020-05-15,2020-06-19,PUT ,14450.0,4136.4,39.38,10465.17,0.0,0.0,0.0,0.0,0.0,0.0,0.0,0.0,0.0,0.0,-3.1499999999999986,199.0,-823143.6,0.0,617357.7,-1440501.2999999998,11439294.550000003
132,/GDAX92500R0.EX,2020-05-15,2020-06-19,PUT ,9250.0,163.9,43.0,10465.17,0.9999991048061928,0.0006058106919226,10.52840301409151,-9.094947017729282e-07,0.0,0.0,0.0,-0.0,0.0,0.0,3.6199999999999974,-61.0,9997.9,7498.424999999999,0.0,2499.4750000000004,11441794.025000002
130,/GDAX92000R0.EX,2020-05-15,2020-06-19,PUT ,9200.0,156.6,43.45,10465.17,0.999997687904397,0.0010091655894939,10.47080785596063,-2.7284841053187847e-06,0.0,0.0,0.0,-0.0,0.0,0.0,0.45000000000000284,-63.0,9865.8,7399.349999999999,0.0,2466.45,11444260.475000001
128,/GDAX91500R0.EX,2020-05-15,2020-06-19,PUT ,9150.0,149.7,43.92,10465.17,0.9999967708608892,0.0012010712453047,10.412127906836076,-2.7284841053187847e-06,0.0,0.0,0.0,-0.0,0.0,0.0,0.46999999999999886,-66.0,9880.199999999999,7410.15,0.0,2470.0499999999993,11446730.525000002
127,/GDAX91500F0.EX,2020-05-15,2020-06-19,CALL,9150.0,1317.6,44.02,10465.17,0.9999967708608892,0.0012010712453047,10.412127906836076,-2.7284841053187847e-06,0.0,0.0,0.0,-0.0,0.0,0.0,0.10000000000000142,-66.0,86961.59999999999,65221.2,0.0,21740.399999999994,11468470.925000003
126,/GDAX91000R0.EX,2020-05-15,2020-06-19,PUT ,9100.0,143.1,44.39,10465.17,0.999996498831024,0.0011599221579672,10.357403056486646,0.0,0.0,0.0,0.0,0.0,0.0,0.0,0.36999999999999744,-68.0,9730.8,7298.099999999999,0.0,2432.7,11470903.625000002
124,/GDAX90500R0.EX,2020-05-15,2020-06-19,PUT ,9050.0,136.7,44.85,10465.17,0.9999968319789332,0.0009662291631684,10.29826150600502,7.275957614183426e-06,0.0,0.0,0.0,0.0,0.0,0.0,0.46000000000000085,-71.0,9705.699999999999,7279.275,0.0,2426.4249999999993,11473330.050000003
122,/GDAX90000R0.EX,2020-05-15,2020-06-19,PUT ,9000.0,130.7,45.32,10465.17,0.9999976102335496,0.0005943448741163,10.241223894524865,-2.7284841053187847e-06,0.0,0.0,0.0,-0.0,0.0,0.0,0.46999999999999886,-73.0,9541.099999999999,7155.824999999999,0.0,2385.2749999999996,11475715.325000003
121,/GDAX90000F0.EX,2020-05-15,2020-06-19,CALL,9000.0,1448.7,45.42,10465.17,0.9999976102335496,0.0005943448741163,10.241223894524865,-2.7284841053187847e-06,0.0,0.0,0.0,-0.0,0.0,0.0,0.10000000000000142,-73.0,105755.1,79316.32500000001,0.0,26438.774999999994,11502154.100000003
118,/GDAX89000R0.EX,2020-05-15,2020-06-19,PUT ,8900.0,119.3,46.25,10465.17,1.000000054409611,-1.8370883481111377e-05,10.129866725355896,-1.8189894035458565e-06,0.0,-0.0,0.0,-0.0,0.0,0.0,0.8299999999999983,-78.0,9305.4,6979.049999999999,0.0,2326.3500000000004,11504480.450000003
117,/GDAX89000F0.EX,2020-05-15,2020-06-19,CALL,8900.0,1537.4,46.39,10465.17,1.000000054409611,-1.8370883481111377e-05,10.129866725355896,-1.8189894035458565e-06,0.0,-0.0,0.0,-0.0,0.0,0.0,0.14000000000000057,-78.0,119917.20000000001,89937.90000000001,0.0,29979.300000000003,11534459.750000004
116,/GDAX88500R0.EX,2020-05-15,2020-06-19,PUT ,8850.0,113.9,46.73,10465.17,0.999999882606062,-0.0002743876393651,10.069254367047506,9.094947017729282e-07,0.0,-0.0,0.0,0.0,0.0,0.0,0.3399999999999963,-81.0,9225.9,6919.424999999999,0.0,2306.4750000000004,11536766.225000003
114,/GDAX88000R0.EX,2020-05-15,2020-06-19,PUT ,8800.0,108.8,47.21,10465.17,0.9999996073929652,-0.0004244148840371,10.011870187310253,-4.547473508864641e-06,0.0,-0.0,0.0,-0.0,0.0,0.0,0.480000000000004,-83.0,9030.4,6772.799999999999,0.0,2257.6000000000004,11539023.825000003
112,/GDAX87500R0.EX,2020-05-15,2020-06-19,PUT ,8750.0,103.8,47.69,10465.17,1.0000005780057108,-0.0004806324795936,9.956107980129218,-8.185452315956354e-06,0.0,-0.0,0.0,-0.0,0.0,0.0,0.4799999999999969,-86.0,8926.8,6695.099999999999,0.0,2231.7,11541255.525000002
360,/GDAX149500R0.EX,2020-05-15,2020-06-19,PUT ,14950.0,4636.7,43.32,10465.17,0.0,0.0,0.0,0.0,0.0,0.0,0.0,0.0,0.0,0.0,-4.369999999999997,224.0,-1038620.7999999999,0.0,778965.6,-1817586.4,11541255.525000002
181,/GDAX105000F0.EX,2020-05-15,2020-06-19,CALL,10500.0,330.5,31.16,10465.17,0.1034942731166665,14.13391896567191,-289.18134768762707,9.458744898438454e-05,0.0,0.0,-0.0,0.0,0.0,0.0,-12.16,2.0,-661.0,0.0,495.75,-1156.75,11541255.525000002
148,/GDAX96500R0.EX,2020-05-15,2020-06-19,PUT ,9650.0,235.7,39.22,10465.17,0.9999962886467983,0.0020100690562685,10.982023200925823,9.094947017729282e-07,0.0,0.0,0.0,0.0,0.0,0.0,8.059999999999999,-41.0,9663.699999999999,7247.775,0.0,2415.9249999999993,11543671.450000003
336,/GDAX143500R0.EX,2020-05-15,2020-06-19,PUT ,14350.0,4036.4,38.49,10465.17,0.0,0.0,0.0,0.0,0.0,0.0,0.0,0.0,0.0,0.0,-0.7299999999999969,194.0,-783061.6,0.0,587296.2,-1370357.7999999998,11543671.450000003
179,/GDAX104500F0.EX,2020-05-15,2020-06-19,CALL,10450.0,357.4,31.62,10465.17,0.385761098277726,7.497045383297518,-314.2908182240699,7.912603905424476e-05,0.0,0.0,-0.0,0.0,0.0,0.0,-6.870000000000001,-1.0,357.4,268.04999999999995,0.0,89.35000000000002,11543760.800000003
321,/GDAX140000F0.EX,2020-05-15,2020-06-19,CALL,14000.0,0.4,31.73,10465.17,0.0,0.0,0.0,0.0,0.0,0.0,0.0,0.0,0.0,0.0,0.10999999999999943,177.0,-70.8,0.0,53.099999999999994,-123.89999999999999,11543760.800000003
178,/GDAX104000R0.EX,2020-05-15,2020-06-19,PUT ,10400.0,468.6,32.09,10465.17,0.8133794490277069,-18.58034169727034,-150.79971129624278,-0.0001355147105641,0.0,-0.0,-0.0,-0.0,0.0,0.0,0.360000000000003,-3.0,1405.8000000000002,1054.3500000000001,0.0,351.45000000000005,11544112.250000002
177,/GDAX104000F0.EX,2020-05-15,2020-06-19,CALL,10400.0,385.5,32.11,10465.17,0.8133794490277069,-18.58034169727034,-150.79971129624278,-0.0001355147105641,0.0,-0.0,-0.0,-0.0,0.0,0.0,0.01999999999999602,-3.0,1156.5,867.375,0.0,289.125,11544401.375000002
176,/GDAX103500R0.EX,2020-05-15,2020-06-19,PUT ,10350.0,447.6,32.56,10465.17,0.9840156561040204,-5.542197450085951,-9.435586880124902,-4.547473508864641e-05,0.0,-0.0,-0.0,-0.0,0.0,0.0,0.45000000000000284,-6.0,2685.6000000000004,2014.2000000000003,0.0,671.4000000000001,11545072.775000002
174,/GDAX103000R0.EX,2020-05-15,2020-06-19,PUT ,10300.0,427.5,33.04,10465.17,0.9991123656618583,-0.2003940006034099,10.030235308556255,-4.547473508864641e-06,0.0,-0.0,0.0,-0.0,0.0,0.0,0.4799999999999969,-8.0,3420.0,2565.0,0.0,855.0,11545927.775000002
173,/GDAX103000F0.EX,2020-05-15,2020-06-19,CALL,10300.0,444.5,33.06,10465.17,0.9991123656618583,-0.2003940006034099,10.030235308556255,-4.547473508864641e-06,0.0,-0.0,0.0,-0.0,0.0,0.0,0.020000000000003126,-8.0,3556.0,2667.0,0.0,889.0,11546816.775000002
333,/GDAX143000F0.EX,2020-05-15,2020-06-19,CALL,14300.0,0.3,33.16,10465.17,0.0,0.0,0.0,0.0,0.0,0.0,0.0,0.0,0.0,0.0,0.09999999999999432,192.0,-57.599999999999994,0.0,43.199999999999996,-100.79999999999998,11546816.775000002
172,/GDAX102500R0.EX,2020-05-15,2020-06-19,PUT ,10250.0,408.3,33.52,10465.17,0.9995163994972244,-0.0032375547561969,10.747123398374924,4.547473508864641e-06,0.0,-0.0,0.0,0.0,0.0,0.0,0.36000000000000654,-11.0,4491.3,3368.4750000000004,0.0,1122.8249999999998,11547939.600000001
171,/GDAX102500F0.EX,2020-05-15,2020-06-19,CALL,10250.0,475.4,33.53,10465.17,0.9995163994972244,-0.0032375547561969,10.747123398374924,4.547473508864641e-06,0.0,-0.0,0.0,0.0,0.0,0.0,0.00999999999999801,-11.0,5229.4,3922.0499999999997,0.0,1307.35,11549246.950000001
170,/GDAX102000R0.EX,2020-05-15,2020-06-19,PUT ,10200.0,390.0,33.99,10465.17,0.999649528421287,-0.001605761826795,10.960018231008007,-55.18441230378812,0.0,-0.0,0.0,-0.0,0.0,0.0,0.46000000000000085,-13.0,5070.0,3802.5,0.0,1267.5,11550514.450000001
169,/GDAX102000F0.EX,2020-05-15,2020-06-19,CALL,10200.0,507.2,34.02,10465.17,0.999649528421287,-0.001605761826795,10.960018231008007,-55.18441230378812,0.0,-0.0,0.0,-0.0,0.0,0.0,0.030000000000001137,-13.0,6593.599999999999,4945.2,0.0,1648.3999999999996,11552162.850000001
150,/GDAX97000R0.EX,2020-05-15,2020-06-19,PUT ,9700.0,246.7,38.74,10465.17,0.9999932853133942,0.0002584863068477,11.034144396427564,0.0,0.0,0.0,0.0,0.0,0.0,0.0,4.719999999999999,-38.0,9374.6,7030.950000000001,0.0,2343.6499999999996,11554506.500000002
166,/GDAX101000R0.EX,2020-05-15,2020-06-19,PUT ,10100.0,355.9,34.94,10465.17,0.9998236468163668,-0.0009376070011057,11.184137618915884,1.8189894035458565e-06,0.0,-0.0,0.0,0.0,0.0,0.0,-3.8000000000000043,-18.0,6406.2,4804.65,0.0,1601.5500000000002,11556108.050000003
164,/GDAX100500R0.EX,2020-05-15,2020-06-19,PUT ,10050.0,340.1,35.42,10465.17,0.9998777172768314,-0.0007011870366113,11.227670018112804,-9.094947017729282e-07,0.0,-0.0,0.0,-0.0,0.0,0.0,0.480000000000004,-21.0,7142.1,5356.575000000001,0.0,1785.5249999999996,11557893.575000003
162,/GDAX100000R0.EX,2020-05-15,2020-06-19,PUT ,10000.0,324.7,35.89,10465.17,0.9999164562032092,-0.0004831800652027,11.240916229526649,9.094947017729282e-07,0.0,-0.0,0.0,0.0,0.0,0.0,0.46999999999999886,-23.0,7468.099999999999,5601.075,0.0,1867.0249999999996,11559760.600000003
161,/GDAX100000F0.EX,2020-05-15,2020-06-19,CALL,10000.0,642.0,35.92,10465.17,0.9999164562032092,-0.0004831800652027,11.240916229526649,9.094947017729282e-07,0.0,-0.0,0.0,0.0,0.0,0.0,0.030000000000001137,-23.0,14766.0,11074.5,0.0,3691.5,11563452.100000003
324,/GDAX140500R0.EX,2020-05-15,2020-06-19,PUT ,14050.0,3736.2,36.22,10465.17,0.0,0.0,0.0,0.0,0.0,0.0,0.0,0.0,0.0,0.0,0.29999999999999716,179.0,-668779.7999999999,0.0,501584.85,-1170364.65,11563452.100000003
160,/GDAX99500R0.EX,2020-05-15,2020-06-19,PUT ,9950.0,310.1,36.37,10465.17,0.9999436961152242,-0.0002829134245985,11.232229671829373,-2.7284841053187847e-06,0.0,-0.0,0.0,-0.0,0.0,0.0,0.14999999999999858,-26.0,8062.6,6046.950000000001,0.0,2015.6499999999996,11565467.750000004
158,/GDAX99000R0.EX,2020-05-15,2020-06-19,PUT ,9900.0,296.3,36.84,10465.17,0.9999624753618264,-8.446968422504142e-05,11.207993436345989,-1.8189894035458565e-06,0.0,-0.0,0.0,-0.0,0.0,0.0,0.47000000000000597,-28.0,8296.4,6222.299999999999,0.0,2074.1000000000004,11567541.850000003
157,/GDAX99000F0.EX,2020-05-15,2020-06-19,CALL,9900.0,713.7,36.87,10465.17,0.9999624753618264,-8.446968422504142e-05,11.207993436345989,-1.8189894035458565e-06,0.0,-0.0,0.0,-0.0,0.0,0.0,0.02999999999999403,-28.0,19983.600000000002,14987.7,0.0,4995.9000000000015,11572537.750000004
156,/GDAX98500R0.EX,2020-05-15,2020-06-19,PUT ,9850.0,283.1,37.31,10465.17,0.9999751749091956,0.0015100285963853,11.173028583071527,-4.547473508864641e-06,0.0,0.0,0.0,-0.0,0.0,0.0,0.44000000000000483,-31.0,8776.1,6582.075000000001,0.0,2194.0249999999996,11574731.775000004
330,/GDAX142000R0.EX,2020-05-15,2020-06-19,PUT ,14200.0,3886.3,37.47,10465.17,0.0,0.0,0.0,0.0,0.0,0.0,0.0,0.0,0.0,0.0,0.1599999999999966,187.0,-726738.1,0.0,545053.575,-1271791.6749999998,11574731.775000004
154,/GDAX98000R0.EX,2020-05-15,2020-06-19,PUT ,9800.0,270.3,37.79,10465.17,0.9999836462156964,0.0002614671757328,11.1308904514583,3.637978807091713e-06,0.0,0.0,0.0,0.0,0.0,0.0,0.3200000000000003,-33.0,8919.9,6689.924999999999,0.0,2229.9750000000004,11576961.750000004
152,/GDAX97500R0.EX,2020-05-15,2020-06-19,PUT ,9750.0,258.4,38.26,10465.17,0.9999893222811806,0.0003300196112832,11.084064880141568,0.0,0.0,0.0,0.0,0.0,0.0,0.0,0.46999999999999886,-36.0,9302.4,6976.799999999999,0.0,2325.6000000000004,11579287.350000003
151,/GDAX97500F0.EX,2020-05-15,2020-06-19,CALL,9750.0,825.8,38.3,10465.17,0.9999893222811806,0.0003300196112832,11.084064880141568,0.0,0.0,0.0,0.0,0.0,0.0,0.0,0.03999999999999915,-36.0,29728.8,22296.6,0.0,7432.200000000001,11586719.550000003
165,/GDAX101000F0.EX,2020-05-15,2020-06-19,CALL,10100.0,573.1,34.97,10465.17,0.9998236468163668,-0.0009376070011057,11.184137618915884,1.8189894035458565e-06,0.0,-0.0,0.0,0.0,0.0,0.0,-3.3299999999999983,-18.0,10315.800000000001,7736.85,0.0,2578.9500000000007,11589298.500000002
1,/GDAX20000F0.EX,2020-05-15,2020-06-19,CALL,2000.0,8323.3,203.25,10465.17,0.9999998359489836,0.0010323452443117,2.275812370055746,-9.094947017729282e-07,0.0,0.0,0.0,-0.0,0.0,0.0,168.28,-423.0,3520755.9,2640566.925,0.0,880188.9750000001,12469487.475000001
